consumer_id,collection_id,opened,type,collector_code,balance,status
C0022,CO00001,2025-01-15,telecom,COL82142,2158,open
C0039,CO00002,2023-07-28,utility,COL11559,697,open
C0054,CO00003,2024-04-27,retail,COL65935,1662,open
C0061,CO00004,2023-03-11,utility,COL16332,449,open
C0070,CO00005,2023-02-26,utility,COL81081,2255,open
C0120,CO00006,2023-04-12,retail,COL15339,2170,open
C0123,CO00007,2025-03-22,retail,COL50551,1700,open
C0177,CO00008,2022-08-22,retail,COL62764,1040,open
C0186,CO00009,2024-02-24,credit_card,COL44318,1895,open
C0201,CO00010,2025-05-28,telecom,COL94200,374,open
C0217,CO00011,2024-08-14,credit_card,COL62072,626,open
C0231,CO00012,2025-01-24,retail,COL69087,475,open
C0240,CO00013,2023-05-11,credit_card,COL79648,1249,open
C0256,CO00014,2023-10-19,utility,COL88457,1540,open
C0286,CO00015,2023-12-23,retail,COL20253,2309,open
C0357,CO00016,2022-11-23,credit_card,COL30600,1525,open
C0393,CO00017,2024-04-26,telecom,COL70669,1910,open
C0400,CO00018,2025-03-27,credit_card,COL72888,1586,open
C0424,CO00019,2023-09-06,utility,COL72921,1948,open
C0431,CO00020,2023-02-19,telecom,COL44484,2137,open
C0433,CO00021,2024-11-20,utility,COL15698,2253,open
C0458,CO00022,2022-07-16,telecom,COL52189,852,open
C0466,CO00023,2022-08-18,credit_card,COL44248,1586,open
C0508,CO00024,2024-02-01,credit_card,COL49315,417,open
C0528,CO00025,2023-01-02,utility,COL81460,2476,open
C0613,CO00026,2024-08-11,telecom,COL63214,1445,open
C0628,CO00027,2022-11-25,retail,COL50108,811,open
C0631,CO00028,2023-10-16,credit_card,COL58807,1596,open
C0662,CO00029,2022-08-25,credit_card,COL82438,2169,open
C0674,CO00030,2023-07-05,credit_card,COL40118,2387,open
C0694,CO00031,2024-04-10,retail,COL67852,1235,open
C0699,CO00032,2024-11-06,utility,COL38991,1645,open
C0702,CO00033,2024-05-03,utility,COL98267,1551,open
C0725,CO00034,2024-01-20,telecom,COL71285,242,open
C0738,CO00035,2024-01-07,telecom,COL24634,1504,open
C0741,CO00036,2023-07-14,telecom,COL28330,1728,open
C0756,CO00037,2023-11-05,retail,COL48359,2146,open
C0782,CO00038,2023-01-16,utility,COL39477,509,open
C0813,CO00039,2024-03-06,credit_card,COL90150,1461,open
C0818,CO00040,2023-01-06,credit_card,COL39588,922,open
C0825,CO00041,2022-08-14,utility,COL25868,781,open
C0840,CO00042,2024-06-14,utility,COL51435,2356,open
C0857,CO00043,2022-08-05,telecom,COL30393,841,open
C0925,CO00044,2023-01-17,telecom,COL54656,1722,open
C0927,CO00045,2024-10-30,utility,COL68839,1248,open
C0955,CO00046,2023-04-06,retail,COL77556,975,open
C0993,CO00047,2023-03-17,retail,COL46008,1735,open
C1004,CO00048,2022-11-17,utility,COL50975,1016,open
C1026,CO00049,2025-05-20,credit_card,COL52194,1005,open
C1054,CO00050,2024-11-23,retail,COL37896,892,open
C1060,CO00051,2023-10-31,retail,COL36703,2463,open
C1067,CO00052,2023-10-21,utility,COL51195,1164,open
C1082,CO00053,2023-03-04,telecom,COL93081,1901,open
C1105,CO00054,2024-12-13,retail,COL38993,789,open
C1123,CO00055,2024-10-03,retail,COL23607,2303,open
C1126,CO00056,2024-12-07,utility,COL78992,343,open
C1144,CO00057,2023-03-22,utility,COL85749,576,open
C1157,CO00058,2022-12-27,retail,COL26557,1940,open
C1194,CO00059,2024-09-16,utility,COL33592,2138,open
