consumer_id,inquiry_date,inquiry_type,permissible_purpose,subscriber_code
C0001,2025-09-27,hard,auto_loan,INQ9041
C0002,2025-08-20,soft,credit_card,INQ1850
C0002,2025-09-14,soft,credit_card,INQ3797
C0003,2024-11-08,hard,credit_card,INQ1238
C0003,2025-08-30,soft,credit_card,INQ5685
C0004,2024-10-15,soft,personal_loan,INQ8142
C0004,2025-04-05,soft,credit_card,INQ5040
C0005,2024-12-22,soft,auto_loan,INQ3907
C0005,2025-04-11,hard,auto_loan,INQ6226
C0007,2025-03-01,soft,credit_card,INQ3096
C0007,2024-11-10,hard,credit_card,INQ8284
C0008,2025-05-06,hard,credit_card,INQ4695
C0008,2025-10-04,soft,credit_card,INQ1443
C0008,2025-01-31,soft,auto_loan,INQ7330
C0009,2025-04-13,hard,credit_card,INQ1851
C0010,2025-03-22,soft,auto_loan,INQ5657
C0010,2025-07-25,soft,mortgage,INQ7970
C0011,2024-11-03,hard,mortgage,INQ8919
C0011,2025-03-26,hard,auto_loan,INQ9333
C0012,2024-11-29,soft,mortgage,INQ3270
C0012,2025-07-22,soft,personal_loan,INQ9784
C0012,2025-05-30,hard,auto_loan,INQ6806
C0013,2025-06-09,hard,mortgage,INQ6608
C0014,2025-05-11,hard,auto_loan,INQ7353
C0017,2025-03-23,soft,credit_card,INQ2800
C0017,2025-07-25,soft,auto_loan,INQ8839
C0018,2025-04-21,hard,personal_loan,INQ6850
C0019,2024-11-23,soft,auto_loan,INQ5032
C0020,2025-08-04,soft,personal_loan,INQ6921
C0021,2025-07-12,hard,mortgage,INQ5593
C0021,2024-12-21,soft,auto_loan,INQ7246
C0021,2025-09-21,soft,personal_loan,INQ6285
C0022,2025-07-11,soft,mortgage,INQ7441
C0022,2025-05-02,soft,personal_loan,INQ8357
C0022,2025-03-01,hard,personal_loan,INQ6535
C0023,2025-08-04,hard,personal_loan,INQ5749
C0023,2025-07-05,soft,credit_card,INQ4921
C0024,2025-10-04,hard,mortgage,INQ5529
C0024,2025-03-28,hard,mortgage,INQ7901
C0025,2024-11-20,soft,mortgage,INQ8440
C0025,2024-11-11,hard,mortgage,INQ2609
C0025,2024-12-02,soft,mortgage,INQ6423
C0026,2025-08-31,hard,auto_loan,INQ8873
C0027,2025-03-08,soft,mortgage,INQ8878
C0027,2025-02-02,hard,mortgage,INQ2833
C0027,2025-04-20,soft,personal_loan,INQ6386
C0028,2024-11-30,hard,credit_card,INQ9510
C0028,2025-08-14,soft,personal_loan,INQ9396
C0028,2025-09-24,soft,credit_card,INQ3653
C0029,2025-01-11,soft,personal_loan,INQ4646
C0029,2025-03-02,soft,mortgage,INQ9112
C0029,2025-04-01,soft,personal_loan,INQ6706
C0030,2024-11-28,hard,mortgage,INQ3455
C0031,2025-06-19,hard,credit_card,INQ1475
C0031,2024-10-31,hard,mortgage,INQ7811
C0031,2025-01-24,hard,personal_loan,INQ3333
C0032,2024-11-24,hard,credit_card,INQ1964
C0033,2025-02-04,hard,mortgage,INQ1015
C0034,2025-03-06,soft,credit_card,INQ5365
C0034,2025-04-02,soft,auto_loan,INQ9480
C0036,2025-10-02,soft,credit_card,INQ9009
C0036,2025-01-05,soft,credit_card,INQ5248
C0036,2025-08-16,soft,credit_card,INQ7285
C0038,2025-08-22,soft,auto_loan,INQ6853
C0038,2024-11-05,soft,personal_loan,INQ3413
C0038,2025-02-02,hard,personal_loan,INQ3674
C0039,2025-07-29,soft,personal_loan,INQ4329
C0039,2025-01-07,hard,personal_loan,INQ8423
C0040,2024-10-27,soft,mortgage,INQ2256
C0041,2024-10-17,hard,mortgage,INQ9676
C0041,2025-06-04,hard,personal_loan,INQ4156
C0042,2025-05-24,soft,auto_loan,INQ6760
C0042,2025-03-01,hard,auto_loan,INQ7810
C0042,2024-12-29,soft,personal_loan,INQ8886
C0044,2025-04-23,hard,credit_card,INQ5462
C0044,2024-11-28,hard,auto_loan,INQ3252
C0045,2025-06-20,hard,personal_loan,INQ3633
C0047,2025-02-18,soft,auto_loan,INQ9029
C0047,2025-05-25,hard,credit_card,INQ6094
C0048,2025-06-02,hard,auto_loan,INQ5797
C0048,2025-03-07,hard,credit_card,INQ3971
C0048,2025-02-18,hard,auto_loan,INQ4095
C0049,2025-01-30,hard,mortgage,INQ4650
C0049,2024-12-17,soft,credit_card,INQ4372
C0050,2025-06-24,hard,personal_loan,INQ5615
C0051,2025-04-21,soft,credit_card,INQ1784
C0051,2024-11-05,soft,credit_card,INQ5071
C0051,2024-10-12,hard,mortgage,INQ6433
C0052,2025-02-11,soft,mortgage,INQ2611
C0052,2024-10-24,hard,auto_loan,INQ3136
C0052,2025-07-30,soft,mortgage,INQ2528
C0054,2025-07-27,soft,mortgage,INQ1836
C0054,2025-07-19,hard,personal_loan,INQ1288
C0054,2025-01-26,soft,auto_loan,INQ1286
C0055,2024-12-13,hard,credit_card,INQ2785
C0055,2024-10-06,soft,auto_loan,INQ6472
C0056,2024-10-25,soft,personal_loan,INQ7710
C0056,2025-10-03,hard,auto_loan,INQ8198
C0058,2024-11-06,hard,credit_card,INQ1096
C0058,2024-10-24,soft,auto_loan,INQ6231
C0059,2025-08-16,soft,credit_card,INQ4796
C0059,2024-11-16,soft,personal_loan,INQ9247
C0060,2025-03-27,hard,mortgage,INQ1555
C0060,2025-08-15,hard,personal_loan,INQ8336
C0061,2025-06-09,soft,mortgage,INQ1431
C0061,2025-06-30,hard,credit_card,INQ5650
C0062,2025-09-12,hard,auto_loan,INQ8767
C0065,2025-03-24,hard,mortgage,INQ9048
C0065,2025-10-01,hard,personal_loan,INQ3015
C0065,2025-02-07,hard,credit_card,INQ7369
C0066,2024-11-14,soft,personal_loan,INQ1281
C0066,2024-12-16,hard,personal_loan,INQ1171
C0066,2025-08-18,hard,mortgage,INQ8252
C0067,2025-02-09,soft,personal_loan,INQ1916
C0067,2025-02-25,hard,personal_loan,INQ2585
C0067,2025-05-12,soft,personal_loan,INQ4084
C0069,2024-12-11,soft,auto_loan,INQ9403
C0069,2025-08-05,soft,mortgage,INQ1770
C0069,2025-09-06,soft,auto_loan,INQ7944
C0070,2025-06-30,soft,mortgage,INQ5083
C0070,2025-08-24,soft,mortgage,INQ1256
C0070,2025-01-18,hard,auto_loan,INQ1856
C0072,2025-04-20,hard,personal_loan,INQ3482
C0072,2024-10-10,hard,personal_loan,INQ9447
C0072,2024-10-29,hard,auto_loan,INQ9378
C0073,2025-02-01,hard,mortgage,INQ3205
C0073,2025-01-05,soft,credit_card,INQ6847
C0073,2024-12-19,soft,personal_loan,INQ4090
C0074,2025-10-05,hard,personal_loan,INQ5414
C0074,2025-07-26,soft,mortgage,INQ4775
C0075,2025-03-09,hard,personal_loan,INQ6371
C0075,2025-10-03,hard,credit_card,INQ5499
C0075,2025-01-19,soft,auto_loan,INQ5474
C0076,2025-08-10,soft,mortgage,INQ7603
C0077,2025-02-06,soft,auto_loan,INQ5554
C0077,2024-12-16,hard,credit_card,INQ4890
C0077,2025-06-26,soft,auto_loan,INQ4947
C0078,2025-03-29,hard,personal_loan,INQ3395
C0079,2025-03-20,soft,auto_loan,INQ7511
C0079,2025-01-12,hard,personal_loan,INQ1289
C0080,2025-09-03,soft,auto_loan,INQ1801
C0080,2024-10-28,soft,mortgage,INQ6413
C0080,2025-08-07,hard,personal_loan,INQ7940
C0081,2025-03-08,hard,auto_loan,INQ8022
C0082,2025-03-18,soft,personal_loan,INQ7312
C0082,2025-03-14,hard,auto_loan,INQ3995
C0084,2025-04-21,soft,personal_loan,INQ2787
C0084,2025-08-08,hard,mortgage,INQ9078
C0084,2025-07-11,soft,auto_loan,INQ2787
C0085,2024-10-12,hard,personal_loan,INQ9386
C0085,2025-08-10,soft,auto_loan,INQ4818
C0087,2025-09-28,hard,mortgage,INQ7544
C0088,2025-03-07,soft,personal_loan,INQ2978
C0088,2025-01-11,hard,personal_loan,INQ3800
C0088,2025-07-05,hard,credit_card,INQ1598
C0091,2025-04-26,hard,credit_card,INQ9492
C0091,2025-07-03,soft,credit_card,INQ9547
C0091,2025-08-23,soft,auto_loan,INQ9356
C0092,2025-09-30,soft,mortgage,INQ2018
C0092,2025-03-03,soft,auto_loan,INQ4336
C0092,2024-12-16,soft,mortgage,INQ5162
C0094,2025-09-05,hard,personal_loan,INQ3022
C0094,2024-12-20,soft,mortgage,INQ6920
C0094,2025-04-13,soft,personal_loan,INQ8949
C0095,2025-02-15,soft,auto_loan,INQ6629
C0096,2024-10-30,hard,personal_loan,INQ8190
C0096,2025-08-04,soft,auto_loan,INQ1381
C0096,2025-05-06,soft,mortgage,INQ5689
C0097,2024-11-23,hard,auto_loan,INQ7304
C0097,2025-05-05,hard,personal_loan,INQ4604
C0097,2025-09-24,hard,personal_loan,INQ6317
C0098,2024-11-04,hard,mortgage,INQ5754
C0098,2025-02-27,hard,auto_loan,INQ1789
C0098,2024-12-15,soft,personal_loan,INQ5923
C0100,2025-02-16,hard,auto_loan,INQ6376
C0100,2025-08-01,soft,credit_card,INQ4734
C0100,2025-06-16,soft,auto_loan,INQ3396
C0102,2025-07-18,hard,personal_loan,INQ3786
C0102,2025-03-23,hard,personal_loan,INQ7412
C0103,2025-02-17,soft,mortgage,INQ3536
C0104,2025-02-21,hard,auto_loan,INQ2585
C0104,2025-04-15,soft,auto_loan,INQ3971
C0105,2025-04-10,hard,personal_loan,INQ5787
C0107,2025-04-30,hard,auto_loan,INQ2312
C0107,2025-03-08,soft,mortgage,INQ3569
C0108,2024-12-28,soft,mortgage,INQ8781
C0108,2024-10-17,soft,auto_loan,INQ2895
C0109,2025-01-10,hard,mortgage,INQ8635
C0110,2025-10-05,hard,personal_loan,INQ4457
C0111,2025-07-17,soft,auto_loan,INQ8801
C0113,2025-05-30,hard,personal_loan,INQ1374
C0113,2025-01-10,hard,auto_loan,INQ4074
C0114,2025-03-14,hard,credit_card,INQ8782
C0114,2025-06-09,hard,personal_loan,INQ6654
C0116,2025-07-28,hard,credit_card,INQ1874
C0116,2025-06-10,hard,personal_loan,INQ4775
C0118,2025-06-01,hard,auto_loan,INQ7726
C0120,2024-11-08,hard,personal_loan,INQ3734
C0120,2025-03-08,soft,credit_card,INQ5495
C0121,2025-01-16,hard,mortgage,INQ3539
C0122,2025-04-10,hard,auto_loan,INQ9374
C0123,2024-11-23,hard,credit_card,INQ9840
C0123,2025-08-03,hard,mortgage,INQ7002
C0124,2025-07-07,hard,personal_loan,INQ5005
C0124,2025-05-05,soft,credit_card,INQ6189
C0124,2025-01-24,hard,auto_loan,INQ9447
C0125,2025-07-02,hard,personal_loan,INQ3072
C0125,2024-12-14,soft,mortgage,INQ3671
C0125,2025-03-26,soft,personal_loan,INQ4119
C0126,2025-04-28,hard,credit_card,INQ2869
C0127,2025-01-18,hard,mortgage,INQ6062
C0128,2025-09-05,soft,mortgage,INQ3954
C0128,2025-10-04,hard,personal_loan,INQ1199
C0128,2024-12-08,soft,credit_card,INQ5092
C0130,2025-01-03,hard,mortgage,INQ9864
C0130,2025-05-20,soft,credit_card,INQ8139
C0132,2025-03-04,hard,credit_card,INQ4581
C0133,2025-03-20,hard,mortgage,INQ6543
C0133,2025-06-06,hard,personal_loan,INQ4252
C0133,2025-07-03,hard,credit_card,INQ3740
C0134,2025-04-24,hard,auto_loan,INQ9668
C0134,2024-12-04,soft,mortgage,INQ6417
C0135,2025-05-24,hard,mortgage,INQ1924
C0135,2025-03-10,hard,personal_loan,INQ9171
C0136,2024-10-10,hard,mortgage,INQ2481
C0136,2025-01-23,soft,personal_loan,INQ3719
C0136,2024-10-27,soft,mortgage,INQ9838
C0138,2025-08-12,soft,personal_loan,INQ1420
C0140,2025-06-01,hard,auto_loan,INQ4742
C0140,2024-12-30,hard,auto_loan,INQ8712
C0145,2025-04-26,soft,auto_loan,INQ8294
C0147,2025-02-08,hard,personal_loan,INQ1749
C0147,2025-09-29,hard,auto_loan,INQ5142
C0150,2025-08-03,soft,credit_card,INQ4861
C0150,2025-07-25,hard,auto_loan,INQ4540
C0150,2025-08-26,soft,credit_card,INQ1820
C0151,2024-11-01,soft,mortgage,INQ2106
C0152,2024-10-30,soft,mortgage,INQ3165
C0152,2024-11-18,soft,personal_loan,INQ1340
C0152,2025-05-05,soft,credit_card,INQ9827
C0153,2025-08-19,hard,credit_card,INQ9008
C0153,2024-12-23,soft,personal_loan,INQ6383
C0154,2025-08-17,soft,personal_loan,INQ2609
C0155,2024-11-09,hard,auto_loan,INQ9015
C0155,2025-07-10,soft,personal_loan,INQ1905
C0155,2025-05-21,hard,credit_card,INQ1020
C0156,2025-01-14,hard,personal_loan,INQ6648
C0156,2025-09-06,hard,mortgage,INQ8110
C0156,2025-02-13,hard,mortgage,INQ5644
C0157,2025-08-25,hard,personal_loan,INQ1178
C0160,2025-01-03,hard,mortgage,INQ7044
C0160,2024-12-26,soft,personal_loan,INQ8650
C0161,2024-10-14,soft,auto_loan,INQ8536
C0162,2025-04-18,soft,auto_loan,INQ6911
C0162,2025-05-24,hard,mortgage,INQ4625
C0162,2025-05-08,soft,mortgage,INQ3467
C0164,2025-02-13,hard,credit_card,INQ9275
C0164,2025-09-08,hard,credit_card,INQ6445
C0165,2025-05-19,soft,auto_loan,INQ7105
C0167,2025-08-14,hard,credit_card,INQ5047
C0168,2025-04-16,hard,auto_loan,INQ4320
C0168,2024-10-09,soft,personal_loan,INQ5044
C0168,2025-03-03,hard,personal_loan,INQ4451
C0169,2025-03-27,hard,mortgage,INQ4826
C0169,2025-06-03,soft,auto_loan,INQ6756
C0169,2025-01-12,soft,credit_card,INQ2092
C0170,2025-04-01,hard,mortgage,INQ3945
C0172,2025-08-24,soft,credit_card,INQ3838
C0172,2024-11-24,hard,credit_card,INQ1859
C0172,2025-05-28,soft,credit_card,INQ1740
C0173,2025-10-01,hard,auto_loan,INQ4398
C0173,2025-03-05,soft,personal_loan,INQ6934
C0174,2025-08-16,soft,credit_card,INQ5410
C0174,2025-05-20,hard,personal_loan,INQ2491
C0175,2025-03-30,soft,personal_loan,INQ6807
C0175,2025-06-06,hard,credit_card,INQ6753
C0176,2025-08-24,soft,auto_loan,INQ2302
C0176,2024-12-06,hard,credit_card,INQ5080
C0176,2024-12-16,hard,personal_loan,INQ9474
C0177,2025-04-23,hard,mortgage,INQ6308
C0177,2024-11-07,hard,personal_loan,INQ7710
C0177,2025-04-12,soft,mortgage,INQ8112
C0178,2025-06-23,hard,mortgage,INQ1084
C0178,2025-09-27,soft,mortgage,INQ7729
C0179,2024-11-18,hard,mortgage,INQ2567
C0180,2024-10-27,soft,credit_card,INQ1472
C0180,2025-04-13,hard,auto_loan,INQ8795
C0181,2025-04-16,soft,personal_loan,INQ4278
C0181,2025-07-15,soft,auto_loan,INQ7093
C0181,2025-08-29,hard,credit_card,INQ7927
C0182,2025-07-02,soft,auto_loan,INQ2062
C0183,2025-07-10,hard,credit_card,INQ1509
C0183,2025-06-22,soft,auto_loan,INQ7230
C0185,2024-10-06,hard,personal_loan,INQ4560
C0187,2025-06-07,soft,personal_loan,INQ7939
C0187,2025-07-10,soft,auto_loan,INQ7528
C0189,2024-12-30,hard,personal_loan,INQ4607
C0190,2025-07-10,soft,auto_loan,INQ3371
C0190,2025-08-04,soft,auto_loan,INQ6440
C0192,2025-08-07,soft,auto_loan,INQ6114
C0192,2025-03-13,hard,auto_loan,INQ2820
C0192,2025-03-24,hard,mortgage,INQ9617
C0193,2025-01-04,hard,credit_card,INQ9187
C0194,2024-12-30,hard,mortgage,INQ9428
C0195,2025-06-09,hard,personal_loan,INQ6865
C0195,2025-01-17,soft,mortgage,INQ7014
C0195,2024-12-05,hard,credit_card,INQ1085
C0196,2024-10-27,hard,credit_card,INQ1615
C0196,2025-06-08,soft,credit_card,INQ8893
C0196,2025-04-06,hard,personal_loan,INQ8517
C0197,2025-01-10,soft,credit_card,INQ7761
C0197,2024-11-26,hard,credit_card,INQ5347
C0198,2025-01-12,soft,personal_loan,INQ3090
C0199,2024-11-10,hard,credit_card,INQ9106
C0199,2025-02-16,hard,auto_loan,INQ9942
C0200,2025-07-22,hard,mortgage,INQ8773
C0200,2024-11-01,soft,mortgage,INQ5650
C0201,2025-03-01,soft,mortgage,INQ8449
C0202,2025-03-08,soft,personal_loan,INQ5389
C0202,2025-08-24,soft,auto_loan,INQ1772
C0202,2025-02-02,soft,auto_loan,INQ9440
C0204,2025-03-23,soft,personal_loan,INQ2388
C0204,2025-08-28,hard,mortgage,INQ5110
C0204,2024-12-08,soft,personal_loan,INQ1449
C0205,2025-01-08,hard,mortgage,INQ6901
C0206,2024-12-31,hard,personal_loan,INQ5373
C0207,2024-12-27,soft,auto_loan,INQ1674
C0207,2024-10-24,hard,credit_card,INQ5560
C0208,2025-06-13,hard,personal_loan,INQ3462
C0208,2025-07-02,hard,mortgage,INQ7480
C0209,2025-01-10,hard,auto_loan,INQ9367
C0209,2024-11-09,hard,personal_loan,INQ3126
C0209,2025-06-22,soft,mortgage,INQ8971
C0210,2024-11-03,soft,auto_loan,INQ4551
C0212,2025-08-13,soft,mortgage,INQ6764
C0212,2025-09-04,hard,personal_loan,INQ1397
C0212,2025-06-10,hard,mortgage,INQ3368
C0213,2025-05-13,hard,mortgage,INQ1654
C0213,2025-09-16,hard,mortgage,INQ2127
C0213,2025-10-02,soft,personal_loan,INQ2913
C0214,2025-05-02,soft,credit_card,INQ8268
C0216,2025-02-01,hard,auto_loan,INQ2250
C0216,2025-03-21,soft,auto_loan,INQ3081
C0216,2025-06-14,hard,personal_loan,INQ4389
C0220,2025-01-30,soft,personal_loan,INQ2818
C0220,2025-01-03,soft,personal_loan,INQ5504
C0222,2025-06-08,soft,personal_loan,INQ6931
C0222,2025-04-23,soft,auto_loan,INQ6783
C0222,2025-02-04,hard,credit_card,INQ2181
C0223,2025-05-19,soft,auto_loan,INQ7700
C0223,2025-02-13,hard,credit_card,INQ5807
C0223,2025-07-19,hard,auto_loan,INQ2629
C0224,2024-10-23,hard,personal_loan,INQ3846
C0224,2025-07-30,soft,credit_card,INQ1232
C0224,2025-02-18,hard,credit_card,INQ4116
C0225,2024-12-15,soft,personal_loan,INQ2744
C0225,2025-01-03,soft,personal_loan,INQ3374
C0225,2024-11-13,soft,personal_loan,INQ5392
C0226,2024-11-20,hard,personal_loan,INQ2372
C0226,2025-04-27,hard,auto_loan,INQ3808
C0226,2025-01-20,soft,auto_loan,INQ3186
C0227,2024-11-28,soft,credit_card,INQ8350
C0227,2025-08-03,hard,mortgage,INQ8359
C0228,2024-11-04,soft,credit_card,INQ3498
C0228,2024-11-15,soft,credit_card,INQ3949
C0228,2025-01-26,hard,auto_loan,INQ2055
C0230,2024-10-10,soft,mortgage,INQ9758
C0230,2024-11-25,soft,auto_loan,INQ9941
C0232,2024-11-25,hard,mortgage,INQ3839
C0232,2025-06-20,soft,personal_loan,INQ1394
C0233,2025-08-11,hard,credit_card,INQ3373
C0233,2025-08-21,soft,mortgage,INQ2183
C0236,2024-12-28,soft,auto_loan,INQ6113
C0236,2025-09-07,soft,credit_card,INQ6859
C0237,2025-04-17,soft,personal_loan,INQ6260
C0238,2025-09-19,hard,personal_loan,INQ8250
C0238,2025-03-24,soft,auto_loan,INQ8012
C0239,2025-01-27,hard,auto_loan,INQ3678
C0240,2024-12-02,soft,auto_loan,INQ7226
C0240,2025-02-17,soft,personal_loan,INQ9028
C0242,2025-08-19,hard,personal_loan,INQ2790
C0244,2025-01-20,soft,credit_card,INQ8926
C0244,2025-04-05,soft,auto_loan,INQ7217
C0245,2025-01-17,hard,credit_card,INQ1585
C0245,2025-09-10,hard,auto_loan,INQ9590
C0247,2025-09-14,soft,mortgage,INQ8234
C0248,2025-01-29,hard,auto_loan,INQ3847
C0248,2025-08-14,hard,personal_loan,INQ8370
C0248,2024-12-30,soft,credit_card,INQ6908
C0249,2024-11-24,hard,personal_loan,INQ4489
C0249,2025-05-25,soft,auto_loan,INQ3213
C0249,2025-04-30,hard,mortgage,INQ7109
C0253,2025-03-14,hard,auto_loan,INQ9461
C0253,2025-09-25,hard,personal_loan,INQ9926
C0254,2024-12-13,soft,personal_loan,INQ8917
C0255,2025-09-14,hard,personal_loan,INQ8552
C0256,2025-10-02,hard,auto_loan,INQ6577
C0256,2025-04-21,hard,personal_loan,INQ3394
C0256,2025-01-02,soft,credit_card,INQ5453
C0257,2025-07-04,hard,personal_loan,INQ4182
C0257,2025-06-17,soft,credit_card,INQ9252
C0261,2024-11-18,hard,mortgage,INQ5929
C0262,2025-03-13,soft,personal_loan,INQ7827
C0262,2024-12-10,hard,auto_loan,INQ6039
C0263,2025-04-05,soft,mortgage,INQ6235
C0263,2024-11-16,soft,mortgage,INQ3476
C0264,2024-12-18,hard,credit_card,INQ8119
C0264,2024-12-14,hard,auto_loan,INQ5067
C0265,2025-04-17,hard,auto_loan,INQ2832
C0265,2024-12-13,hard,personal_loan,INQ5141
C0266,2025-06-17,soft,personal_loan,INQ5596
C0267,2025-03-04,soft,personal_loan,INQ2557
C0268,2025-03-02,soft,personal_loan,INQ5027
C0268,2025-07-29,hard,personal_loan,INQ8992
C0268,2025-04-29,hard,auto_loan,INQ7420
C0269,2025-07-21,hard,personal_loan,INQ9773
C0269,2025-05-13,hard,personal_loan,INQ4543
C0272,2024-10-08,soft,personal_loan,INQ4396
C0272,2025-01-26,soft,mortgage,INQ4874
C0273,2025-07-15,soft,auto_loan,INQ2228
C0274,2024-10-25,soft,mortgage,INQ4068
C0274,2025-08-29,soft,mortgage,INQ7966
C0275,2025-05-27,hard,personal_loan,INQ1007
C0275,2024-10-16,hard,auto_loan,INQ3191
C0276,2025-09-18,hard,auto_loan,INQ5827
C0277,2025-06-27,hard,credit_card,INQ9438
C0277,2025-05-26,soft,mortgage,INQ3994
C0278,2025-08-13,soft,personal_loan,INQ6159
C0278,2024-11-25,soft,mortgage,INQ4049
C0280,2024-11-18,hard,auto_loan,INQ9319
C0280,2025-09-05,hard,auto_loan,INQ5045
C0280,2025-09-05,soft,personal_loan,INQ5376
C0281,2025-02-14,hard,credit_card,INQ8713
C0281,2024-10-16,hard,auto_loan,INQ2713
C0283,2024-11-17,soft,auto_loan,INQ7351
C0283,2025-01-23,hard,personal_loan,INQ5048
C0286,2024-12-09,soft,credit_card,INQ2209
C0287,2025-08-07,hard,mortgage,INQ4866
C0287,2025-07-07,soft,mortgage,INQ2865
C0287,2025-07-16,hard,personal_loan,INQ1778
C0289,2024-11-21,hard,credit_card,INQ8908
C0290,2024-12-30,soft,mortgage,INQ3118
C0291,2025-06-12,soft,credit_card,INQ9803
C0291,2025-01-29,soft,mortgage,INQ7598
C0293,2025-04-20,soft,credit_card,INQ2988
C0294,2024-12-23,hard,mortgage,INQ5007
C0295,2025-02-20,hard,personal_loan,INQ5571
C0296,2024-10-17,soft,auto_loan,INQ1004
C0296,2025-06-04,hard,personal_loan,INQ1316
C0296,2024-10-29,hard,credit_card,INQ3595
C0297,2024-10-26,soft,auto_loan,INQ3013
C0297,2025-05-04,soft,credit_card,INQ2676
C0298,2025-09-20,soft,mortgage,INQ1607
C0298,2025-09-25,hard,personal_loan,INQ8760
C0299,2025-01-23,hard,personal_loan,INQ4082
C0299,2025-07-27,soft,auto_loan,INQ4911
C0300,2025-02-26,soft,personal_loan,INQ4390
C0301,2025-09-23,hard,personal_loan,INQ9788
C0302,2025-04-16,hard,credit_card,INQ6755
C0304,2025-05-24,hard,credit_card,INQ6192
C0304,2025-05-03,hard,mortgage,INQ8028
C0305,2025-05-27,hard,credit_card,INQ8238
C0305,2025-01-14,hard,credit_card,INQ7251
C0305,2024-11-24,hard,personal_loan,INQ7946
C0308,2024-11-14,hard,auto_loan,INQ6963
C0309,2024-10-19,soft,personal_loan,INQ3264
C0310,2025-05-17,hard,personal_loan,INQ2117
C0310,2025-05-30,soft,personal_loan,INQ5920
C0311,2024-10-31,hard,mortgage,INQ8372
C0311,2025-08-02,soft,personal_loan,INQ8491
C0311,2025-02-08,soft,mortgage,INQ4334
C0312,2025-07-05,hard,auto_loan,INQ9102
C0312,2025-07-02,soft,personal_loan,INQ9427
C0312,2024-12-28,soft,personal_loan,INQ6097
C0314,2025-01-31,hard,auto_loan,INQ8471
C0314,2025-09-28,hard,credit_card,INQ1245
C0314,2025-05-11,soft,mortgage,INQ9972
C0315,2025-05-31,hard,auto_loan,INQ2226
C0315,2025-07-24,soft,auto_loan,INQ7649
C0317,2025-07-10,soft,credit_card,INQ1336
C0317,2025-06-04,soft,credit_card,INQ2530
C0317,2025-07-17,soft,auto_loan,INQ8250
C0318,2025-05-17,hard,mortgage,INQ8864
C0318,2025-07-25,soft,personal_loan,INQ5005
C0320,2025-06-05,soft,credit_card,INQ5480
C0320,2024-10-29,soft,personal_loan,INQ9919
C0320,2025-01-11,hard,mortgage,INQ5713
C0322,2025-01-21,soft,credit_card,INQ4677
C0322,2025-04-07,hard,mortgage,INQ6626
C0324,2025-04-12,soft,credit_card,INQ1295
C0324,2025-02-13,hard,credit_card,INQ1667
C0324,2024-12-19,hard,mortgage,INQ4229
C0325,2025-08-23,soft,credit_card,INQ8672
C0326,2025-03-08,soft,personal_loan,INQ8437
C0326,2025-01-13,soft,auto_loan,INQ8162
C0326,2025-09-19,hard,mortgage,INQ7283
C0327,2025-05-07,soft,mortgage,INQ6595
C0327,2024-11-23,soft,mortgage,INQ1763
C0327,2025-05-03,soft,credit_card,INQ8237
C0329,2025-08-07,hard,auto_loan,INQ1146
C0329,2025-06-29,soft,mortgage,INQ7107
C0330,2025-09-05,soft,credit_card,INQ4492
C0331,2024-10-08,soft,credit_card,INQ2095
C0331,2024-10-29,soft,mortgage,INQ4134
C0332,2025-06-06,soft,personal_loan,INQ1846
C0332,2024-12-29,soft,auto_loan,INQ1331
C0334,2025-02-22,hard,credit_card,INQ4158
C0334,2025-05-11,hard,personal_loan,INQ9947
C0334,2025-05-23,soft,credit_card,INQ3303
C0335,2025-08-24,hard,mortgage,INQ3975
C0335,2024-11-25,soft,credit_card,INQ5406
C0335,2025-05-28,hard,mortgage,INQ3949
C0337,2025-02-13,soft,personal_loan,INQ3594
C0337,2024-12-08,soft,auto_loan,INQ9678
C0338,2024-10-22,hard,auto_loan,INQ5685
C0340,2025-03-24,soft,credit_card,INQ6259
C0341,2025-04-24,hard,personal_loan,INQ4710
C0343,2025-01-31,soft,auto_loan,INQ3942
C0343,2025-08-16,soft,mortgage,INQ7165
C0343,2025-09-16,soft,credit_card,INQ7646
C0344,2024-11-16,hard,auto_loan,INQ8967
C0345,2025-06-19,soft,mortgage,INQ3138
C0345,2025-05-19,soft,auto_loan,INQ6086
C0345,2024-12-13,soft,auto_loan,INQ3127
C0346,2025-06-01,hard,mortgage,INQ9270
C0346,2025-01-12,soft,mortgage,INQ8765
C0347,2025-01-01,hard,personal_loan,INQ5554
C0347,2025-05-20,hard,mortgage,INQ9338
C0348,2025-02-08,hard,personal_loan,INQ7760
C0348,2025-09-19,hard,auto_loan,INQ3416
C0348,2024-10-22,soft,credit_card,INQ2237
C0349,2025-06-05,hard,personal_loan,INQ8976
C0349,2025-04-30,hard,credit_card,INQ5032
C0350,2025-06-19,soft,mortgage,INQ7624
C0350,2025-09-09,hard,personal_loan,INQ5038
C0350,2025-07-30,hard,mortgage,INQ2930
C0351,2025-03-20,hard,auto_loan,INQ6705
C0351,2025-09-15,soft,mortgage,INQ3710
C0352,2024-12-11,hard,personal_loan,INQ3547
C0352,2025-05-22,hard,auto_loan,INQ3092
C0353,2024-11-07,soft,personal_loan,INQ9716
C0353,2024-10-09,hard,credit_card,INQ4926
C0353,2025-07-06,soft,credit_card,INQ4173
C0355,2025-04-01,soft,personal_loan,INQ3760
C0355,2024-10-23,soft,mortgage,INQ5478
C0357,2025-03-26,hard,auto_loan,INQ2657
C0357,2025-04-15,soft,personal_loan,INQ9460
C0358,2025-05-07,hard,personal_loan,INQ2485
C0358,2025-03-23,hard,mortgage,INQ2955
C0358,2025-06-06,hard,mortgage,INQ6994
C0359,2025-09-17,hard,auto_loan,INQ9885
C0359,2025-08-13,soft,mortgage,INQ3619
C0365,2025-08-14,soft,personal_loan,INQ7505
C0365,2024-12-19,soft,mortgage,INQ9613
C0365,2025-05-06,hard,auto_loan,INQ7092
C0367,2025-06-26,hard,auto_loan,INQ9152
C0369,2025-05-19,hard,personal_loan,INQ5685
C0370,2025-06-10,soft,auto_loan,INQ7954
C0372,2025-03-21,hard,personal_loan,INQ9231
C0372,2025-08-05,hard,auto_loan,INQ1016
C0372,2025-08-11,soft,auto_loan,INQ7727
C0374,2025-03-20,soft,credit_card,INQ3203
C0374,2025-03-04,soft,mortgage,INQ2767
C0374,2024-10-28,hard,credit_card,INQ3259
C0375,2024-11-28,hard,credit_card,INQ7566
C0375,2025-05-16,hard,auto_loan,INQ5707
C0375,2025-05-01,hard,mortgage,INQ2475
C0377,2025-05-09,soft,auto_loan,INQ6073
C0377,2025-05-23,soft,mortgage,INQ4078
C0378,2025-10-02,soft,personal_loan,INQ7143
C0378,2024-12-13,hard,personal_loan,INQ6344
C0380,2024-10-11,soft,personal_loan,INQ1288
C0380,2025-05-24,soft,mortgage,INQ5056
C0380,2024-11-29,soft,auto_loan,INQ2198
C0381,2024-10-10,hard,auto_loan,INQ6042
C0381,2025-03-15,hard,credit_card,INQ8534
C0382,2025-08-24,soft,credit_card,INQ6276
C0383,2025-07-12,soft,credit_card,INQ7125
C0383,2025-10-02,hard,mortgage,INQ9413
C0384,2025-03-06,soft,auto_loan,INQ5528
C0384,2025-07-21,hard,auto_loan,INQ5509
C0385,2025-06-28,hard,personal_loan,INQ4057
C0385,2025-03-02,hard,auto_loan,INQ4714
C0386,2024-10-15,hard,mortgage,INQ3541
C0386,2025-09-03,hard,credit_card,INQ8383
C0386,2025-07-02,hard,credit_card,INQ4190
C0387,2025-04-03,soft,auto_loan,INQ8507
C0387,2025-07-11,hard,mortgage,INQ9835
C0389,2025-06-11,soft,auto_loan,INQ8931
C0391,2025-03-15,hard,auto_loan,INQ5895
C0392,2025-07-05,soft,credit_card,INQ2043
C0392,2025-08-27,soft,auto_loan,INQ2181
C0394,2024-10-22,hard,credit_card,INQ4471
C0396,2024-11-22,soft,auto_loan,INQ6025
C0397,2024-10-21,hard,mortgage,INQ6198
C0397,2024-11-18,soft,personal_loan,INQ7105
C0397,2025-08-27,soft,personal_loan,INQ6361
C0400,2025-09-07,soft,credit_card,INQ5452
C0400,2025-05-10,hard,credit_card,INQ8848
C0400,2025-06-21,hard,personal_loan,INQ3297
C0402,2025-09-04,hard,auto_loan,INQ6170
C0403,2024-11-12,hard,credit_card,INQ9453
C0403,2025-07-07,hard,credit_card,INQ9672
C0405,2025-03-22,hard,credit_card,INQ1821
C0407,2024-12-12,soft,credit_card,INQ8297
C0407,2025-10-03,soft,auto_loan,INQ3117
C0407,2025-06-21,soft,personal_loan,INQ9791
C0410,2025-03-18,hard,credit_card,INQ4786
C0410,2025-07-06,soft,personal_loan,INQ4195
C0411,2025-04-04,hard,credit_card,INQ1386
C0412,2024-11-01,soft,personal_loan,INQ6647
C0412,2025-04-07,hard,credit_card,INQ8549
C0412,2025-02-03,hard,personal_loan,INQ2974
C0413,2025-01-18,soft,auto_loan,INQ1834
C0413,2025-02-02,soft,credit_card,INQ7326
C0413,2025-05-06,soft,personal_loan,INQ7939
C0414,2025-08-05,soft,personal_loan,INQ8320
C0414,2025-05-15,hard,personal_loan,INQ1808
C0414,2025-09-20,soft,auto_loan,INQ5013
C0416,2025-04-30,soft,credit_card,INQ8510
C0416,2024-12-02,soft,credit_card,INQ6025
C0416,2024-12-16,hard,mortgage,INQ3050
C0417,2025-02-17,hard,mortgage,INQ5163
C0417,2024-10-05,soft,credit_card,INQ2011
C0418,2024-12-03,hard,mortgage,INQ7043
C0419,2025-07-01,soft,mortgage,INQ6704
C0419,2025-08-30,soft,auto_loan,INQ8600
C0419,2024-11-02,hard,auto_loan,INQ3358
C0420,2025-01-24,soft,auto_loan,INQ2027
C0421,2024-12-24,soft,personal_loan,INQ8235
C0421,2025-02-17,soft,mortgage,INQ5737
C0421,2025-03-09,soft,mortgage,INQ1951
C0422,2024-10-10,hard,credit_card,INQ9815
C0422,2025-09-01,hard,auto_loan,INQ2982
C0422,2025-02-13,soft,auto_loan,INQ1742
C0424,2025-02-06,hard,credit_card,INQ4152
C0424,2024-12-21,soft,mortgage,INQ4189
C0425,2024-11-26,soft,personal_loan,INQ9006
C0425,2025-04-07,soft,credit_card,INQ2044
C0425,2025-04-26,hard,mortgage,INQ2689
C0426,2025-04-05,soft,mortgage,INQ5583
C0427,2025-03-07,hard,personal_loan,INQ4025
C0427,2025-09-04,soft,mortgage,INQ7550
C0427,2025-08-04,hard,credit_card,INQ8042
C0428,2024-11-30,soft,auto_loan,INQ1892
C0428,2025-01-27,soft,auto_loan,INQ6651
C0429,2025-03-26,soft,credit_card,INQ8808
C0430,2025-03-31,hard,personal_loan,INQ4619
C0432,2025-07-06,hard,credit_card,INQ4817
C0433,2025-05-24,soft,credit_card,INQ1312
C0433,2025-05-19,hard,auto_loan,INQ6092
C0433,2025-02-09,hard,credit_card,INQ3491
C0434,2024-12-31,soft,auto_loan,INQ4286
C0434,2024-12-17,soft,credit_card,INQ3892
C0435,2025-03-25,soft,personal_loan,INQ3815
C0438,2025-01-06,hard,personal_loan,INQ7726
C0438,2025-04-20,soft,auto_loan,INQ8563
C0438,2024-12-23,hard,mortgage,INQ9657
C0439,2025-07-16,soft,personal_loan,INQ6505
C0440,2024-12-17,soft,auto_loan,INQ9226
C0440,2025-05-20,soft,mortgage,INQ5146
C0440,2025-03-13,soft,mortgage,INQ5680
C0441,2025-01-30,soft,mortgage,INQ1244
C0441,2025-01-09,soft,auto_loan,INQ8163
C0441,2025-08-13,soft,credit_card,INQ5865
C0442,2025-01-01,soft,credit_card,INQ3612
C0442,2025-08-31,soft,mortgage,INQ6511
C0444,2025-09-13,hard,auto_loan,INQ4794
C0446,2025-08-15,hard,mortgage,INQ2385
C0446,2025-09-29,soft,credit_card,INQ4352
C0446,2025-06-13,hard,mortgage,INQ8718
C0447,2025-01-21,hard,credit_card,INQ3017
C0447,2024-11-10,hard,mortgage,INQ6568
C0448,2025-05-26,soft,personal_loan,INQ2548
C0448,2025-02-14,hard,mortgage,INQ8212
C0449,2025-07-20,soft,mortgage,INQ7496
C0449,2024-11-15,hard,credit_card,INQ1806
C0451,2024-11-10,soft,auto_loan,INQ6655
C0452,2024-11-12,soft,credit_card,INQ4830
C0452,2025-03-05,soft,personal_loan,INQ1515
C0452,2025-07-07,soft,mortgage,INQ8045
C0454,2025-08-20,hard,credit_card,INQ3981
C0454,2025-02-21,soft,personal_loan,INQ8836
C0455,2024-11-28,soft,auto_loan,INQ8353
C0457,2025-08-02,soft,personal_loan,INQ3943
C0457,2025-05-10,soft,auto_loan,INQ6453
C0457,2024-10-30,hard,mortgage,INQ1231
C0458,2025-02-07,hard,personal_loan,INQ8823
C0458,2025-08-08,hard,mortgage,INQ7343
C0458,2025-09-08,soft,personal_loan,INQ7941
C0459,2025-04-27,soft,mortgage,INQ1115
C0461,2025-07-14,soft,personal_loan,INQ6949
C0461,2024-12-09,soft,credit_card,INQ3774
C0461,2025-06-16,soft,auto_loan,INQ1375
C0463,2025-07-19,hard,mortgage,INQ5911
C0463,2024-12-29,soft,personal_loan,INQ1551
C0463,2025-01-07,hard,personal_loan,INQ1649
C0464,2024-10-25,hard,credit_card,INQ5910
C0464,2025-08-24,soft,credit_card,INQ7284
C0466,2025-01-02,soft,auto_loan,INQ9203
C0466,2024-12-13,soft,credit_card,INQ3006
C0468,2025-03-05,soft,auto_loan,INQ4559
C0468,2025-09-09,hard,personal_loan,INQ2444
C0468,2025-08-31,soft,mortgage,INQ8115
C0470,2025-03-30,soft,credit_card,INQ9131
C0470,2025-07-22,hard,credit_card,INQ7221
C0474,2024-10-31,soft,personal_loan,INQ9357
C0475,2025-02-08,soft,auto_loan,INQ8028
C0475,2025-09-28,hard,credit_card,INQ3821
C0476,2025-07-08,hard,auto_loan,INQ9571
C0478,2025-02-06,soft,personal_loan,INQ2396
C0479,2025-09-20,hard,credit_card,INQ3925
C0479,2025-06-14,soft,auto_loan,INQ2721
C0479,2025-06-19,soft,mortgage,INQ5253
C0481,2025-01-15,hard,mortgage,INQ9695
C0482,2025-07-12,soft,credit_card,INQ3762
C0483,2024-12-30,soft,personal_loan,INQ2973
C0483,2024-10-19,soft,credit_card,INQ1356
C0484,2025-02-13,soft,credit_card,INQ6205
C0484,2025-01-19,hard,auto_loan,INQ5704
C0484,2025-06-27,hard,mortgage,INQ2151
C0485,2024-11-11,soft,auto_loan,INQ8392
C0485,2025-03-12,hard,credit_card,INQ3600
C0486,2025-01-02,hard,personal_loan,INQ7634
C0486,2025-04-22,soft,personal_loan,INQ5952
C0487,2025-03-07,hard,mortgage,INQ9561
C0491,2024-12-29,soft,personal_loan,INQ8589
C0491,2025-05-15,soft,mortgage,INQ3950
C0491,2024-12-19,soft,personal_loan,INQ3014
C0493,2025-07-15,soft,auto_loan,INQ4495
C0493,2025-01-31,hard,mortgage,INQ3855
C0494,2025-07-31,hard,mortgage,INQ1147
C0494,2025-01-16,soft,auto_loan,INQ8365
C0495,2025-08-31,hard,mortgage,INQ8353
C0495,2025-01-16,hard,mortgage,INQ5221
C0495,2025-07-06,hard,mortgage,INQ3337
C0496,2025-02-28,hard,auto_loan,INQ7500
C0496,2025-04-06,hard,mortgage,INQ4139
C0496,2024-11-18,soft,mortgage,INQ1715
C0498,2025-06-09,hard,personal_loan,INQ2011
C0498,2025-08-04,soft,credit_card,INQ5842
C0499,2024-12-26,hard,credit_card,INQ6332
C0500,2025-07-23,hard,credit_card,INQ3033
C0500,2025-09-12,soft,mortgage,INQ6842
C0500,2024-10-19,hard,credit_card,INQ6965
C0501,2025-02-24,soft,auto_loan,INQ1542
C0501,2025-02-08,soft,personal_loan,INQ8715
C0501,2025-01-03,soft,mortgage,INQ4345
C0502,2025-07-07,hard,personal_loan,INQ3469
C0503,2024-11-20,hard,personal_loan,INQ6309
C0503,2024-10-30,soft,credit_card,INQ5007
C0503,2025-02-15,soft,personal_loan,INQ8796
C0504,2025-09-28,hard,mortgage,INQ2224
C0504,2024-12-23,soft,credit_card,INQ3433
C0506,2025-03-07,hard,credit_card,INQ7020
C0507,2025-07-04,soft,mortgage,INQ8767
C0508,2024-10-28,soft,credit_card,INQ7643
C0508,2024-12-02,soft,mortgage,INQ5521
C0510,2025-07-02,hard,mortgage,INQ5082
C0510,2025-08-02,hard,personal_loan,INQ8829
C0510,2025-05-16,hard,personal_loan,INQ6412
C0511,2025-04-13,soft,personal_loan,INQ5390
C0511,2024-12-26,soft,credit_card,INQ4494
C0512,2025-04-08,hard,mortgage,INQ6442
C0512,2024-11-19,soft,auto_loan,INQ4726
C0513,2025-02-19,soft,personal_loan,INQ7441
C0513,2024-10-24,hard,auto_loan,INQ5653
C0513,2024-12-05,soft,auto_loan,INQ1095
C0514,2024-11-22,hard,personal_loan,INQ1432
C0514,2025-08-12,soft,personal_loan,INQ3459
C0514,2025-06-08,hard,credit_card,INQ3011
C0515,2025-05-17,hard,credit_card,INQ2224
C0516,2025-08-11,hard,credit_card,INQ2255
C0516,2025-03-11,soft,personal_loan,INQ2527
C0517,2025-05-30,soft,personal_loan,INQ9183
C0519,2025-09-11,soft,mortgage,INQ1734
C0519,2025-02-17,soft,credit_card,INQ6567
C0520,2025-04-11,soft,personal_loan,INQ6756
C0520,2025-07-19,soft,credit_card,INQ1487
C0522,2024-11-10,hard,credit_card,INQ2689
C0522,2025-07-20,hard,mortgage,INQ3368
C0522,2025-05-15,hard,auto_loan,INQ7805
C0525,2024-11-01,soft,personal_loan,INQ3819
C0525,2025-02-12,soft,mortgage,INQ1841
C0527,2025-06-20,soft,credit_card,INQ6220
C0527,2025-09-22,soft,personal_loan,INQ7551
C0527,2025-08-29,hard,personal_loan,INQ6705
C0528,2025-04-10,hard,personal_loan,INQ8001
C0530,2025-03-26,soft,auto_loan,INQ1457
C0531,2024-11-18,hard,auto_loan,INQ7879
C0532,2025-07-10,soft,mortgage,INQ3733
C0532,2024-10-14,hard,auto_loan,INQ6968
C0534,2025-09-15,soft,auto_loan,INQ6866
C0534,2025-07-10,hard,mortgage,INQ5620
C0534,2025-02-23,soft,mortgage,INQ1947
C0535,2025-08-05,soft,mortgage,INQ7053
C0536,2024-11-22,hard,personal_loan,INQ3125
C0538,2025-09-21,soft,credit_card,INQ5228
C0538,2025-06-19,soft,mortgage,INQ1181
C0539,2025-03-31,soft,credit_card,INQ3680
C0539,2025-05-26,soft,mortgage,INQ4111
C0539,2025-05-14,soft,personal_loan,INQ2806
C0540,2025-01-17,soft,credit_card,INQ5855
C0540,2024-12-20,hard,mortgage,INQ2014
C0540,2024-11-25,soft,personal_loan,INQ4364
C0541,2025-05-01,soft,personal_loan,INQ4159
C0541,2024-10-30,soft,mortgage,INQ8323
C0542,2025-09-25,soft,auto_loan,INQ8087
C0542,2025-05-13,hard,mortgage,INQ5925
C0543,2024-10-28,soft,mortgage,INQ7179
C0543,2024-10-24,soft,credit_card,INQ4169
C0544,2025-03-18,soft,personal_loan,INQ2475
C0544,2025-01-24,hard,personal_loan,INQ4765
C0545,2024-11-02,soft,personal_loan,INQ8157
C0546,2025-05-17,soft,mortgage,INQ3356
C0546,2025-07-03,soft,mortgage,INQ4645
C0546,2025-06-07,soft,personal_loan,INQ8817
C0547,2025-04-01,hard,personal_loan,INQ8167
C0547,2025-01-12,soft,mortgage,INQ9533
C0548,2025-08-26,hard,credit_card,INQ5250
C0550,2025-04-21,hard,personal_loan,INQ6513
C0551,2024-11-29,hard,credit_card,INQ7701
C0551,2025-09-20,soft,personal_loan,INQ2603
C0551,2024-11-27,soft,mortgage,INQ9013
C0552,2025-08-14,hard,personal_loan,INQ2226
C0552,2025-03-31,hard,auto_loan,INQ6459
C0553,2025-06-20,hard,personal_loan,INQ2595
C0553,2025-07-07,soft,personal_loan,INQ3412
C0555,2025-02-09,soft,mortgage,INQ2843
C0555,2025-10-05,soft,personal_loan,INQ9375
C0556,2025-09-30,soft,auto_loan,INQ7461
C0556,2025-06-01,soft,mortgage,INQ7593
C0556,2025-05-08,hard,personal_loan,INQ2338
C0557,2025-07-13,soft,mortgage,INQ7096
C0557,2025-05-22,hard,personal_loan,INQ1211
C0557,2025-03-18,hard,personal_loan,INQ2862
C0558,2024-10-06,soft,mortgage,INQ6968
C0559,2025-09-13,soft,mortgage,INQ4186
C0560,2025-04-25,hard,personal_loan,INQ2716
C0560,2025-09-30,soft,auto_loan,INQ9027
C0560,2025-08-02,soft,mortgage,INQ3100
C0561,2025-06-30,soft,auto_loan,INQ6749
C0563,2025-08-10,hard,credit_card,INQ7794
C0563,2025-03-23,soft,personal_loan,INQ9848
C0563,2025-01-23,hard,mortgage,INQ1484
C0564,2025-10-01,soft,credit_card,INQ5550
C0565,2025-08-23,hard,credit_card,INQ6260
C0566,2025-03-25,hard,credit_card,INQ8891
C0566,2024-12-03,soft,credit_card,INQ1725
C0566,2024-12-30,soft,auto_loan,INQ7591
C0567,2024-12-26,hard,auto_loan,INQ4802
C0567,2025-07-30,soft,credit_card,INQ1509
C0567,2024-12-22,soft,credit_card,INQ1414
C0568,2025-05-15,soft,auto_loan,INQ7306
C0568,2025-06-14,hard,mortgage,INQ5333
C0568,2025-05-25,hard,mortgage,INQ5081
C0569,2025-04-23,soft,personal_loan,INQ4968
C0570,2025-06-18,hard,mortgage,INQ4138
C0572,2025-03-15,soft,auto_loan,INQ2744
C0572,2025-05-27,soft,mortgage,INQ2740
C0572,2025-07-22,soft,mortgage,INQ7174
C0573,2025-03-23,soft,personal_loan,INQ3906
C0574,2024-11-26,soft,auto_loan,INQ8421
C0574,2025-04-19,soft,personal_loan,INQ3865
C0575,2024-12-29,soft,mortgage,INQ4938
C0575,2025-02-14,soft,credit_card,INQ2062
C0575,2024-12-08,soft,mortgage,INQ9662
C0576,2025-09-16,hard,auto_loan,INQ1584
C0576,2025-07-02,hard,personal_loan,INQ6552
C0576,2024-12-15,soft,credit_card,INQ3297
C0577,2025-04-22,hard,credit_card,INQ2276
C0577,2025-07-03,soft,auto_loan,INQ6890
C0577,2025-06-07,soft,personal_loan,INQ2823
C0579,2025-04-11,hard,auto_loan,INQ8705
C0579,2025-01-20,soft,credit_card,INQ2399
C0580,2025-02-09,soft,auto_loan,INQ4281
C0580,2025-01-05,soft,auto_loan,INQ6015
C0583,2025-09-03,hard,credit_card,INQ1696
C0584,2025-09-30,soft,mortgage,INQ8736
C0585,2025-05-17,hard,mortgage,INQ4644
C0585,2025-09-08,soft,auto_loan,INQ2006
C0587,2025-03-13,soft,mortgage,INQ6287
C0587,2025-03-26,soft,auto_loan,INQ1112
C0588,2025-01-25,hard,mortgage,INQ7032
C0588,2025-10-04,soft,credit_card,INQ5006
C0588,2025-03-16,hard,credit_card,INQ4932
C0591,2025-08-13,soft,auto_loan,INQ4225
C0591,2025-06-19,hard,personal_loan,INQ3701
C0592,2025-07-15,hard,personal_loan,INQ7174
C0592,2024-10-30,soft,personal_loan,INQ8510
C0595,2025-05-30,soft,credit_card,INQ7919
C0595,2025-08-17,soft,mortgage,INQ6906
C0596,2025-10-05,hard,auto_loan,INQ3759
C0597,2025-02-27,soft,personal_loan,INQ8475
C0597,2025-03-15,hard,personal_loan,INQ6415
C0598,2025-05-21,soft,mortgage,INQ6136
C0600,2025-06-30,soft,auto_loan,INQ5169
C0600,2024-10-07,hard,personal_loan,INQ7551
C0601,2025-04-27,soft,credit_card,INQ7438
C0601,2025-04-10,hard,mortgage,INQ9509
C0602,2025-06-28,hard,auto_loan,INQ9540
C0602,2025-02-27,hard,auto_loan,INQ8092
C0603,2024-11-18,soft,credit_card,INQ6008
C0603,2025-07-17,hard,personal_loan,INQ7520
C0604,2025-06-05,hard,credit_card,INQ4903
C0604,2025-01-01,soft,credit_card,INQ2662
C0605,2025-04-29,hard,personal_loan,INQ3253
C0605,2024-11-26,soft,personal_loan,INQ6183
C0606,2025-04-27,hard,personal_loan,INQ6627
C0606,2025-07-06,hard,personal_loan,INQ1958
C0607,2024-12-20,hard,auto_loan,INQ4984
C0607,2025-05-13,soft,personal_loan,INQ8563
C0607,2025-09-15,hard,credit_card,INQ2939
C0609,2024-11-27,soft,credit_card,INQ3606
C0609,2024-12-06,hard,personal_loan,INQ2243
C0609,2024-10-24,soft,personal_loan,INQ1141
C0610,2025-03-01,soft,credit_card,INQ9791
C0611,2025-05-26,hard,auto_loan,INQ8104
C0612,2024-12-23,hard,auto_loan,INQ5474
C0613,2024-12-08,soft,credit_card,INQ9346
C0613,2024-12-21,soft,credit_card,INQ1329
C0613,2024-10-30,soft,auto_loan,INQ6488
C0614,2024-11-05,soft,auto_loan,INQ5956
C0614,2025-09-07,soft,auto_loan,INQ7463
C0615,2025-04-25,soft,personal_loan,INQ4401
C0615,2025-06-19,hard,personal_loan,INQ1225
C0615,2025-02-28,hard,mortgage,INQ4964
C0616,2025-07-16,hard,personal_loan,INQ3834
C0616,2025-03-18,soft,credit_card,INQ6278
C0617,2024-10-12,soft,mortgage,INQ8972
C0617,2025-08-03,hard,auto_loan,INQ6851
C0618,2024-12-09,hard,personal_loan,INQ4931
C0618,2025-04-13,soft,mortgage,INQ8659
C0619,2025-06-11,hard,personal_loan,INQ1126
C0619,2025-02-06,soft,auto_loan,INQ5273
C0619,2025-05-12,soft,mortgage,INQ1989
C0620,2025-05-08,hard,mortgage,INQ9610
C0621,2024-12-17,soft,credit_card,INQ2603
C0622,2025-07-15,hard,mortgage,INQ6821
C0623,2025-04-16,soft,personal_loan,INQ2098
C0624,2025-03-02,soft,auto_loan,INQ8855
C0624,2025-09-06,hard,auto_loan,INQ5360
C0625,2025-04-22,hard,auto_loan,INQ5113
C0625,2025-05-25,hard,auto_loan,INQ1557
C0625,2025-01-28,hard,auto_loan,INQ8244
C0626,2025-06-26,hard,mortgage,INQ8957
C0627,2025-08-06,soft,auto_loan,INQ5420
C0628,2025-03-09,hard,personal_loan,INQ4731
C0628,2025-01-28,soft,mortgage,INQ3650
C0630,2024-10-26,hard,mortgage,INQ5741
C0630,2024-11-15,hard,auto_loan,INQ7640
C0630,2025-09-28,hard,auto_loan,INQ4259
C0631,2025-02-02,soft,credit_card,INQ2997
C0632,2025-03-04,hard,credit_card,INQ1156
C0632,2025-07-26,soft,auto_loan,INQ5423
C0632,2024-12-31,soft,personal_loan,INQ7616
C0636,2025-06-26,hard,personal_loan,INQ3627
C0636,2025-01-21,soft,auto_loan,INQ9275
C0638,2024-11-18,soft,auto_loan,INQ1575
C0638,2025-06-01,hard,personal_loan,INQ3989
C0639,2025-09-23,hard,auto_loan,INQ9512
C0640,2025-02-22,soft,mortgage,INQ1151
C0640,2025-05-26,soft,credit_card,INQ7622
C0640,2025-04-16,soft,credit_card,INQ4072
C0641,2025-02-20,soft,auto_loan,INQ4304
C0641,2025-01-11,soft,personal_loan,INQ6467
C0641,2024-11-22,hard,auto_loan,INQ1987
C0642,2025-06-15,soft,credit_card,INQ5907
C0642,2025-02-14,hard,personal_loan,INQ4133
C0642,2025-04-08,soft,credit_card,INQ6446
C0644,2025-03-10,hard,personal_loan,INQ2396
C0644,2025-05-02,soft,personal_loan,INQ6151
C0644,2025-01-22,hard,auto_loan,INQ2256
C0645,2025-09-27,soft,credit_card,INQ8729
C0646,2024-10-29,soft,credit_card,INQ6752
C0648,2025-05-04,hard,auto_loan,INQ2362
C0648,2025-08-25,hard,personal_loan,INQ3527
C0648,2025-01-14,soft,credit_card,INQ4194
C0649,2025-01-23,soft,credit_card,INQ5369
C0649,2025-08-24,soft,personal_loan,INQ2781
C0649,2024-10-24,soft,personal_loan,INQ7229
C0650,2025-05-04,hard,mortgage,INQ5365
C0652,2025-09-24,hard,auto_loan,INQ9721
C0653,2025-07-21,soft,credit_card,INQ5117
C0653,2024-10-29,hard,credit_card,INQ3171
C0653,2024-11-23,soft,auto_loan,INQ1880
C0654,2025-06-19,hard,personal_loan,INQ6143
C0655,2025-08-27,soft,credit_card,INQ6707
C0655,2025-02-12,soft,mortgage,INQ9408
C0657,2025-07-16,soft,credit_card,INQ2812
C0657,2025-01-25,soft,personal_loan,INQ7175
C0657,2025-04-29,hard,mortgage,INQ8300
C0658,2025-05-05,hard,mortgage,INQ8041
C0658,2025-05-14,soft,credit_card,INQ7129
C0658,2025-02-04,hard,personal_loan,INQ7547
C0659,2024-12-09,hard,mortgage,INQ7986
C0660,2024-12-13,soft,personal_loan,INQ7014
C0660,2025-03-20,hard,mortgage,INQ8147
C0661,2024-11-27,hard,personal_loan,INQ2258
C0661,2025-05-01,hard,mortgage,INQ2658
C0661,2025-01-13,hard,personal_loan,INQ1742
C0664,2025-03-25,hard,auto_loan,INQ2820
C0665,2025-04-01,hard,personal_loan,INQ9785
C0666,2025-09-09,soft,credit_card,INQ2526
C0666,2025-08-11,soft,auto_loan,INQ9478
C0666,2025-01-10,soft,auto_loan,INQ9907
C0668,2025-08-10,hard,credit_card,INQ4048
C0668,2025-09-06,soft,credit_card,INQ2614
C0669,2024-10-18,soft,personal_loan,INQ2838
C0669,2025-06-03,soft,personal_loan,INQ9463
C0670,2024-12-19,hard,auto_loan,INQ4369
C0670,2025-08-25,hard,credit_card,INQ2237
C0672,2025-05-24,soft,personal_loan,INQ5543
C0672,2025-01-22,soft,mortgage,INQ3064
C0672,2025-08-24,hard,credit_card,INQ8887
C0674,2024-11-02,hard,personal_loan,INQ4642
C0675,2025-03-12,hard,personal_loan,INQ3079
C0675,2025-06-19,hard,mortgage,INQ5962
C0675,2025-08-29,hard,mortgage,INQ6715
C0676,2025-05-29,soft,auto_loan,INQ4131
C0679,2025-08-06,hard,auto_loan,INQ4907
C0680,2025-06-05,soft,personal_loan,INQ9532
C0680,2025-05-18,soft,personal_loan,INQ3738
C0680,2025-04-16,hard,credit_card,INQ3088
C0683,2025-09-30,hard,auto_loan,INQ4527
C0683,2024-10-13,soft,personal_loan,INQ1362
C0683,2025-08-06,hard,mortgage,INQ1051
C0684,2025-08-18,soft,credit_card,INQ1747
C0684,2024-12-11,hard,personal_loan,INQ9391
C0685,2025-08-20,hard,credit_card,INQ2102
C0686,2025-05-22,hard,credit_card,INQ5206
C0686,2024-11-05,hard,credit_card,INQ9736
C0689,2024-10-08,soft,mortgage,INQ6057
C0690,2025-02-16,hard,auto_loan,INQ7851
C0691,2025-04-04,hard,personal_loan,INQ8454
C0693,2025-01-12,hard,personal_loan,INQ7697
C0693,2025-08-04,hard,personal_loan,INQ7181
C0694,2025-06-30,soft,personal_loan,INQ4073
C0695,2025-06-29,soft,mortgage,INQ9531
C0695,2025-08-19,hard,mortgage,INQ4863
C0696,2025-10-04,soft,credit_card,INQ5765
C0696,2025-03-26,soft,mortgage,INQ3620
C0697,2025-08-23,hard,personal_loan,INQ9838
C0697,2025-02-05,hard,mortgage,INQ4462
C0697,2025-04-20,soft,mortgage,INQ2088
C0698,2024-12-01,hard,mortgage,INQ8689
C0699,2024-11-17,hard,credit_card,INQ8030
C0700,2025-04-11,hard,auto_loan,INQ6394
C0701,2025-04-28,hard,personal_loan,INQ9934
C0701,2024-10-11,soft,credit_card,INQ2784
C0703,2024-10-25,hard,credit_card,INQ2803
C0704,2024-11-06,hard,mortgage,INQ5902
C0704,2024-12-08,soft,auto_loan,INQ8827
C0704,2025-06-21,soft,auto_loan,INQ8905
C0706,2025-09-01,hard,auto_loan,INQ3054
C0706,2025-02-28,hard,mortgage,INQ6839
C0707,2024-11-30,hard,mortgage,INQ2314
C0707,2025-05-28,soft,mortgage,INQ5787
C0707,2025-07-05,soft,auto_loan,INQ6239
C0708,2025-08-24,soft,auto_loan,INQ9080
C0708,2024-10-27,soft,personal_loan,INQ6598
C0708,2024-12-11,soft,credit_card,INQ6503
C0710,2025-07-02,hard,mortgage,INQ9290
C0711,2025-06-08,soft,auto_loan,INQ2484
C0711,2024-11-16,soft,credit_card,INQ9949
C0713,2025-05-25,soft,credit_card,INQ5856
C0713,2025-08-16,hard,credit_card,INQ5344
C0713,2025-06-14,hard,credit_card,INQ5113
C0714,2024-11-05,soft,credit_card,INQ2714
C0714,2025-03-19,hard,credit_card,INQ3383
C0714,2024-10-08,hard,credit_card,INQ4315
C0715,2024-10-20,hard,auto_loan,INQ5325
C0715,2024-11-30,soft,credit_card,INQ1032
C0717,2024-10-16,hard,auto_loan,INQ6727
C0718,2025-07-02,hard,auto_loan,INQ1058
C0718,2025-06-30,hard,personal_loan,INQ1032
C0719,2025-02-08,hard,personal_loan,INQ5837
C0720,2025-03-11,hard,auto_loan,INQ5427
C0720,2025-09-02,hard,mortgage,INQ2096
C0721,2025-08-14,hard,credit_card,INQ1097
C0723,2025-06-29,soft,auto_loan,INQ8540
C0723,2024-12-05,soft,mortgage,INQ8787
C0724,2025-02-12,hard,mortgage,INQ7171
C0724,2025-08-28,hard,mortgage,INQ2817
C0727,2025-01-12,hard,mortgage,INQ3490
C0728,2025-04-25,hard,auto_loan,INQ4275
C0729,2024-11-02,soft,personal_loan,INQ3066
C0730,2025-04-06,soft,credit_card,INQ3387
C0730,2025-03-18,hard,personal_loan,INQ7920
C0731,2024-12-24,hard,personal_loan,INQ5214
C0731,2025-09-08,soft,mortgage,INQ4537
C0732,2025-02-14,soft,auto_loan,INQ7999
C0732,2025-07-03,soft,personal_loan,INQ5317
C0733,2025-01-08,hard,credit_card,INQ5992
C0733,2025-05-12,soft,mortgage,INQ9064
C0734,2025-03-28,hard,credit_card,INQ9913
C0734,2025-09-25,soft,personal_loan,INQ4536
C0734,2024-12-22,soft,credit_card,INQ9990
C0735,2025-01-10,hard,mortgage,INQ5396
C0735,2025-08-23,hard,mortgage,INQ1872
C0737,2025-05-13,soft,mortgage,INQ8732
C0737,2025-07-21,hard,auto_loan,INQ7147
C0738,2024-12-23,hard,credit_card,INQ2271
C0738,2024-11-19,hard,auto_loan,INQ6277
C0740,2025-07-26,soft,mortgage,INQ4247
C0741,2025-09-04,hard,credit_card,INQ3784
C0741,2025-09-02,soft,credit_card,INQ7910
C0742,2025-01-08,soft,mortgage,INQ8078
C0742,2025-05-14,soft,mortgage,INQ2425
C0744,2025-01-01,hard,personal_loan,INQ4108
C0745,2025-10-03,hard,mortgage,INQ8771
C0745,2025-07-07,soft,mortgage,INQ9709
C0745,2025-04-06,soft,personal_loan,INQ8505
C0746,2025-02-21,soft,personal_loan,INQ4072
C0746,2025-07-06,hard,mortgage,INQ5637
C0746,2025-02-01,soft,mortgage,INQ8108
C0747,2025-01-29,hard,credit_card,INQ9833
C0747,2025-07-02,hard,auto_loan,INQ2746
C0747,2025-06-30,hard,personal_loan,INQ5669
C0748,2025-05-11,hard,personal_loan,INQ3058
C0749,2024-10-26,hard,mortgage,INQ6419
C0750,2025-05-08,soft,credit_card,INQ6366
C0750,2025-08-05,hard,mortgage,INQ6232
C0750,2025-06-04,soft,personal_loan,INQ6435
C0751,2025-05-31,hard,personal_loan,INQ7006
C0751,2025-06-14,soft,mortgage,INQ2136
C0752,2025-05-18,soft,auto_loan,INQ9904
C0752,2024-10-28,hard,auto_loan,INQ8567
C0753,2024-11-01,hard,auto_loan,INQ9456
C0756,2025-06-11,hard,personal_loan,INQ5422
C0757,2025-08-17,hard,credit_card,INQ1548
C0759,2025-06-27,soft,credit_card,INQ7473
C0759,2024-12-01,soft,auto_loan,INQ3148
C0760,2025-02-14,hard,credit_card,INQ9340
C0760,2025-04-11,hard,auto_loan,INQ4003
C0760,2025-07-30,hard,auto_loan,INQ1988
C0761,2024-10-17,soft,mortgage,INQ5024
C0761,2025-08-18,soft,credit_card,INQ5472
C0761,2024-11-28,soft,personal_loan,INQ7326
C0763,2025-10-02,soft,credit_card,INQ2086
C0764,2025-07-18,soft,auto_loan,INQ7951
C0765,2025-07-06,soft,personal_loan,INQ8327
C0766,2025-01-03,soft,personal_loan,INQ7631
C0767,2025-08-08,hard,personal_loan,INQ9844
C0768,2025-07-25,soft,mortgage,INQ1096
C0768,2024-12-12,hard,auto_loan,INQ7356
C0768,2025-08-07,hard,credit_card,INQ4434
C0769,2025-02-01,soft,mortgage,INQ3116
C0771,2025-06-03,soft,auto_loan,INQ9034
C0772,2025-03-15,hard,personal_loan,INQ4892
C0772,2025-05-20,soft,personal_loan,INQ3345
C0773,2025-06-13,hard,credit_card,INQ2034
C0773,2024-12-27,hard,credit_card,INQ9153
C0774,2025-01-12,soft,mortgage,INQ2767
C0774,2025-10-03,soft,mortgage,INQ6535
C0774,2025-08-27,soft,credit_card,INQ1130
C0776,2025-08-24,soft,mortgage,INQ3688
C0777,2024-12-27,hard,credit_card,INQ5421
C0777,2024-12-09,hard,mortgage,INQ8822
C0777,2025-05-02,soft,mortgage,INQ9644
C0780,2024-12-06,hard,auto_loan,INQ1272
C0781,2025-08-27,soft,personal_loan,INQ3782
C0781,2024-12-08,hard,personal_loan,INQ9739
C0782,2025-10-04,soft,mortgage,INQ9194
C0784,2025-03-23,soft,mortgage,INQ6121
C0786,2025-06-01,soft,credit_card,INQ6995
C0787,2024-10-09,soft,personal_loan,INQ9344
C0788,2025-03-26,soft,personal_loan,INQ1182
C0788,2025-07-04,soft,auto_loan,INQ2530
C0788,2024-12-18,hard,personal_loan,INQ5626
C0789,2025-05-09,soft,auto_loan,INQ5782
C0789,2024-10-18,soft,auto_loan,INQ1793
C0790,2025-04-07,hard,auto_loan,INQ2594
C0791,2025-08-05,hard,personal_loan,INQ5291
C0792,2025-06-17,soft,credit_card,INQ5748
C0795,2025-09-25,hard,personal_loan,INQ5345
C0796,2025-09-21,hard,mortgage,INQ1660
C0796,2025-03-17,hard,credit_card,INQ7866
C0796,2025-08-25,hard,credit_card,INQ2337
C0797,2025-09-01,hard,auto_loan,INQ1822
C0797,2025-01-03,soft,personal_loan,INQ3128
C0798,2025-06-22,soft,credit_card,INQ9145
C0802,2024-10-18,soft,credit_card,INQ4582
C0802,2025-07-22,hard,credit_card,INQ4383
C0802,2024-10-06,soft,mortgage,INQ8527
C0803,2025-05-17,soft,auto_loan,INQ9527
C0804,2025-01-09,soft,auto_loan,INQ9917
C0804,2024-10-06,hard,auto_loan,INQ7455
C0804,2025-05-24,soft,personal_loan,INQ8691
C0805,2025-02-27,soft,auto_loan,INQ9497
C0805,2025-09-12,hard,mortgage,INQ3368
C0805,2025-01-18,hard,credit_card,INQ4749
C0806,2025-05-01,soft,personal_loan,INQ7697
C0806,2025-09-20,soft,personal_loan,INQ1494
C0806,2025-03-20,soft,credit_card,INQ1375
C0809,2025-09-25,hard,credit_card,INQ1597
C0810,2025-01-04,soft,mortgage,INQ1832
C0810,2025-02-05,soft,auto_loan,INQ3151
C0810,2024-11-28,soft,mortgage,INQ7979
C0811,2025-01-02,hard,credit_card,INQ4053
C0812,2024-11-01,soft,auto_loan,INQ2864
C0812,2025-05-05,hard,personal_loan,INQ6638
C0812,2025-09-20,hard,mortgage,INQ4388
C0816,2025-08-23,hard,auto_loan,INQ1704
C0817,2025-06-23,hard,mortgage,INQ1730
C0818,2025-09-16,soft,personal_loan,INQ4355
C0818,2025-04-27,soft,mortgage,INQ9877
C0819,2024-11-23,soft,credit_card,INQ3939
C0820,2025-08-27,hard,credit_card,INQ5058
C0820,2025-02-04,hard,credit_card,INQ4557
C0820,2025-05-16,hard,auto_loan,INQ4389
C0821,2025-03-09,hard,personal_loan,INQ7013
C0822,2025-01-22,hard,personal_loan,INQ5109
C0822,2025-08-22,soft,personal_loan,INQ4629
C0823,2025-05-02,hard,credit_card,INQ2142
C0826,2025-03-09,hard,mortgage,INQ8276
C0828,2025-05-23,soft,auto_loan,INQ8536
C0828,2024-12-03,hard,auto_loan,INQ3990
C0829,2025-07-01,soft,credit_card,INQ6445
C0829,2025-08-03,hard,credit_card,INQ2361
C0830,2025-02-08,hard,mortgage,INQ7522
C0832,2025-03-06,soft,personal_loan,INQ4464
C0832,2025-04-12,soft,mortgage,INQ6336
C0832,2025-05-31,hard,mortgage,INQ6097
C0833,2025-04-02,soft,credit_card,INQ4031
C0834,2024-10-30,hard,personal_loan,INQ2041
C0834,2025-09-16,soft,personal_loan,INQ4719
C0835,2024-10-21,soft,auto_loan,INQ2714
C0836,2024-11-16,hard,credit_card,INQ5977
C0836,2025-10-02,soft,mortgage,INQ7042
C0837,2024-11-18,hard,credit_card,INQ4591
C0837,2024-10-29,hard,credit_card,INQ8788
C0838,2025-01-22,hard,mortgage,INQ3656
C0838,2025-02-14,hard,personal_loan,INQ4532
C0838,2024-10-24,hard,auto_loan,INQ6084
C0839,2025-06-28,hard,personal_loan,INQ2876
C0842,2024-11-27,hard,credit_card,INQ9675
C0843,2024-12-28,soft,mortgage,INQ5445
C0843,2025-04-30,soft,credit_card,INQ3132
C0844,2024-10-26,hard,mortgage,INQ5868
C0844,2024-12-23,hard,credit_card,INQ7057
C0844,2024-11-06,soft,credit_card,INQ6553
C0846,2025-06-21,hard,mortgage,INQ5948
C0847,2024-10-31,soft,personal_loan,INQ3328
C0848,2025-06-15,hard,personal_loan,INQ4907
C0848,2025-07-05,soft,mortgage,INQ6114
C0848,2024-11-26,soft,credit_card,INQ5430
C0849,2025-03-06,hard,personal_loan,INQ8057
C0849,2025-06-15,soft,auto_loan,INQ7913
C0850,2025-06-28,hard,mortgage,INQ9322
C0850,2025-03-13,soft,mortgage,INQ6242
C0850,2024-12-15,soft,credit_card,INQ8419
C0851,2025-08-21,soft,credit_card,INQ6648
C0851,2024-11-07,hard,personal_loan,INQ1279
C0854,2025-08-13,soft,credit_card,INQ7503
C0854,2025-03-14,soft,mortgage,INQ5929
C0855,2025-09-24,soft,credit_card,INQ9895
C0855,2024-12-04,soft,mortgage,INQ2166
C0856,2025-07-28,soft,mortgage,INQ7079
C0857,2025-06-27,hard,auto_loan,INQ1166
C0858,2025-01-14,hard,auto_loan,INQ8101
C0858,2024-10-29,soft,credit_card,INQ7188
C0858,2025-09-13,soft,personal_loan,INQ6594
C0860,2025-03-03,soft,credit_card,INQ9260
C0860,2025-08-05,hard,credit_card,INQ7401
C0860,2024-12-22,hard,auto_loan,INQ4560
C0861,2025-01-30,hard,credit_card,INQ5278
C0861,2025-07-05,hard,personal_loan,INQ6670
C0862,2025-08-18,soft,mortgage,INQ9920
C0864,2024-11-19,hard,auto_loan,INQ3100
C0864,2025-07-30,hard,mortgage,INQ4796
C0865,2025-04-11,soft,auto_loan,INQ6253
C0867,2025-03-28,hard,auto_loan,INQ3263
C0867,2025-03-17,hard,mortgage,INQ9351
C0868,2025-06-02,soft,auto_loan,INQ2845
C0872,2025-08-16,hard,personal_loan,INQ1169
C0872,2025-05-06,hard,credit_card,INQ5399
C0872,2025-07-15,soft,credit_card,INQ6298
C0875,2025-09-12,hard,credit_card,INQ9769
C0876,2025-08-20,soft,personal_loan,INQ2345
C0877,2024-11-29,hard,personal_loan,INQ1918
C0877,2025-09-21,hard,personal_loan,INQ9883
C0877,2024-10-16,soft,mortgage,INQ2250
C0879,2024-11-21,soft,credit_card,INQ3444
C0879,2025-07-04,soft,credit_card,INQ2840
C0879,2025-08-10,hard,mortgage,INQ6537
C0880,2025-04-19,hard,credit_card,INQ1911
C0880,2025-07-03,hard,auto_loan,INQ1879
C0880,2024-11-05,hard,personal_loan,INQ9702
C0881,2025-05-14,soft,credit_card,INQ4012
C0881,2025-03-22,hard,mortgage,INQ4965
C0881,2025-02-02,soft,personal_loan,INQ4877
C0883,2025-02-06,soft,mortgage,INQ6015
C0883,2025-09-09,soft,personal_loan,INQ5730
C0884,2025-05-13,hard,personal_loan,INQ2963
C0884,2025-01-07,hard,auto_loan,INQ5967
C0884,2025-05-10,soft,credit_card,INQ2216
C0885,2024-11-09,soft,mortgage,INQ1052
C0885,2025-06-28,hard,personal_loan,INQ2963
C0886,2025-06-09,soft,personal_loan,INQ7783
C0887,2025-03-17,hard,auto_loan,INQ7945
C0887,2024-11-03,soft,mortgage,INQ7025
C0888,2024-11-13,soft,personal_loan,INQ8538
C0888,2025-07-25,soft,credit_card,INQ1038
C0888,2025-07-24,hard,mortgage,INQ1551
C0889,2025-02-22,hard,auto_loan,INQ3525
C0889,2025-03-28,soft,auto_loan,INQ6699
C0892,2025-10-01,soft,credit_card,INQ1302
C0893,2025-02-13,soft,auto_loan,INQ7152
C0893,2025-04-10,soft,auto_loan,INQ3037
C0893,2025-03-15,hard,personal_loan,INQ4718
C0895,2025-09-01,soft,credit_card,INQ6665
C0895,2025-04-01,soft,auto_loan,INQ9847
C0896,2025-04-28,hard,auto_loan,INQ8834
C0896,2025-07-21,hard,credit_card,INQ7107
C0896,2025-06-26,soft,auto_loan,INQ4965
C0898,2025-07-03,hard,mortgage,INQ4880
C0898,2024-10-29,soft,personal_loan,INQ3719
C0898,2024-11-13,soft,credit_card,INQ1654
C0899,2024-10-12,soft,auto_loan,INQ5556
C0899,2025-03-29,hard,auto_loan,INQ9307
C0899,2025-03-09,soft,mortgage,INQ6487
C0900,2025-04-28,hard,auto_loan,INQ4443
C0901,2025-06-22,hard,personal_loan,INQ9645
C0901,2025-05-29,soft,credit_card,INQ2214
C0901,2025-01-20,hard,auto_loan,INQ6128
C0902,2025-09-01,hard,personal_loan,INQ5257
C0902,2024-10-29,hard,personal_loan,INQ8181
C0903,2024-10-06,soft,credit_card,INQ8541
C0904,2025-02-23,soft,personal_loan,INQ2981
C0905,2024-11-03,hard,credit_card,INQ4115
C0905,2025-07-11,soft,auto_loan,INQ8232
C0906,2025-03-12,hard,personal_loan,INQ3075
C0906,2025-08-17,hard,credit_card,INQ7081
C0909,2025-02-01,soft,auto_loan,INQ7931
C0909,2025-01-09,soft,personal_loan,INQ8110
C0910,2025-04-17,soft,auto_loan,INQ3064
C0910,2025-10-04,soft,credit_card,INQ4629
C0912,2024-11-09,hard,credit_card,INQ6074
C0913,2024-12-29,hard,credit_card,INQ4060
C0913,2024-11-14,hard,credit_card,INQ6115
C0913,2025-01-23,hard,credit_card,INQ9050
C0914,2024-10-27,hard,credit_card,INQ3980
C0914,2025-05-10,soft,mortgage,INQ7373
C0915,2024-12-31,soft,credit_card,INQ5597
C0915,2025-04-22,hard,auto_loan,INQ7785
C0917,2025-07-18,hard,credit_card,INQ8331
C0918,2025-06-08,soft,mortgage,INQ2335
C0919,2025-06-11,hard,auto_loan,INQ2957
C0919,2025-06-25,soft,auto_loan,INQ8194
C0921,2025-02-15,soft,credit_card,INQ3169
C0921,2024-10-22,hard,auto_loan,INQ5108
C0922,2024-12-09,soft,auto_loan,INQ8836
C0922,2024-12-11,soft,credit_card,INQ5309
C0923,2025-01-26,soft,personal_loan,INQ7401
C0924,2025-09-13,soft,mortgage,INQ5453
C0925,2025-08-13,soft,mortgage,INQ1011
C0925,2025-03-19,soft,credit_card,INQ1868
C0925,2025-03-06,soft,auto_loan,INQ3850
C0927,2024-11-01,soft,credit_card,INQ4670
C0928,2025-10-04,hard,personal_loan,INQ4343
C0928,2025-04-25,soft,personal_loan,INQ2700
C0928,2025-07-15,soft,personal_loan,INQ5504
C0929,2024-10-26,soft,personal_loan,INQ4402
C0930,2025-08-18,soft,auto_loan,INQ1388
C0930,2024-12-24,soft,auto_loan,INQ1421
C0930,2025-07-15,soft,credit_card,INQ7240
C0932,2025-08-31,soft,personal_loan,INQ5638
C0932,2025-02-16,hard,personal_loan,INQ7023
C0932,2025-07-23,hard,personal_loan,INQ9155
C0933,2025-01-26,soft,mortgage,INQ3169
C0934,2025-04-25,hard,mortgage,INQ3022
C0934,2025-06-08,hard,credit_card,INQ5911
C0935,2025-07-10,soft,personal_loan,INQ6850
C0935,2025-01-30,hard,personal_loan,INQ1504
C0936,2024-12-25,soft,personal_loan,INQ2789
C0936,2025-05-11,soft,mortgage,INQ2536
C0936,2025-06-24,soft,mortgage,INQ6752
C0937,2024-10-20,hard,mortgage,INQ6986
C0940,2025-08-02,soft,mortgage,INQ9227
C0943,2025-07-24,soft,auto_loan,INQ5675
C0944,2025-06-06,hard,auto_loan,INQ6117
C0945,2025-01-01,hard,mortgage,INQ7266
C0946,2025-01-07,hard,personal_loan,INQ5004
C0946,2025-07-16,soft,auto_loan,INQ7739
C0947,2025-08-17,soft,auto_loan,INQ4555
C0947,2025-05-07,soft,auto_loan,INQ7933
C0947,2025-10-02,hard,mortgage,INQ3287
C0948,2025-03-05,soft,mortgage,INQ6040
C0948,2024-12-11,hard,personal_loan,INQ8370
C0949,2025-04-05,hard,auto_loan,INQ3959
C0949,2025-05-23,hard,auto_loan,INQ1107
C0949,2025-09-17,hard,personal_loan,INQ4611
C0950,2024-11-13,soft,personal_loan,INQ6934
C0950,2025-07-31,soft,personal_loan,INQ9883
C0950,2025-04-09,soft,credit_card,INQ6629
C0955,2025-04-25,soft,auto_loan,INQ2302
C0955,2025-06-02,hard,mortgage,INQ4194
C0956,2025-01-26,soft,credit_card,INQ5221
C0956,2025-07-21,soft,auto_loan,INQ5275
C0956,2025-07-24,soft,auto_loan,INQ2602
C0957,2025-09-07,soft,auto_loan,INQ1990
C0957,2025-05-22,hard,credit_card,INQ6720
C0957,2024-10-31,hard,mortgage,INQ5458
C0958,2025-01-26,hard,auto_loan,INQ7078
C0958,2025-08-31,soft,credit_card,INQ4262
C0959,2025-04-10,soft,auto_loan,INQ9190
C0959,2025-05-16,soft,personal_loan,INQ7741
C0959,2025-02-06,soft,mortgage,INQ9579
C0960,2024-12-31,soft,personal_loan,INQ1641
C0961,2025-03-11,hard,personal_loan,INQ8619
C0962,2025-09-23,hard,mortgage,INQ1414
C0962,2025-02-26,soft,personal_loan,INQ3275
C0962,2024-10-30,soft,mortgage,INQ1402
C0963,2025-07-14,hard,mortgage,INQ1596
C0963,2025-07-15,hard,mortgage,INQ6889
C0963,2025-08-09,hard,mortgage,INQ4274
C0964,2025-08-22,hard,mortgage,INQ9652
C0964,2025-07-14,soft,auto_loan,INQ6941
C0964,2025-05-24,soft,personal_loan,INQ5698
C0965,2025-09-04,hard,mortgage,INQ6845
C0965,2024-10-16,soft,credit_card,INQ9127
C0966,2025-07-01,hard,auto_loan,INQ5161
C0967,2025-01-05,soft,auto_loan,INQ8056
C0967,2025-01-24,soft,personal_loan,INQ1316
C0967,2024-10-26,hard,personal_loan,INQ1826
C0968,2024-11-19,soft,auto_loan,INQ6865
C0971,2025-02-12,hard,auto_loan,INQ3715
C0971,2025-06-08,hard,auto_loan,INQ1665
C0972,2025-02-01,hard,mortgage,INQ9063
C0974,2025-06-29,soft,personal_loan,INQ8148
C0974,2025-01-07,soft,personal_loan,INQ7065
C0974,2025-07-25,soft,credit_card,INQ5350
C0976,2025-08-02,hard,auto_loan,INQ3618
C0976,2024-10-25,soft,mortgage,INQ4363
C0977,2025-04-14,soft,personal_loan,INQ5420
C0977,2025-04-03,soft,personal_loan,INQ4943
C0977,2025-05-15,hard,personal_loan,INQ7691
C0978,2025-08-02,hard,credit_card,INQ5014
C0978,2025-08-08,hard,credit_card,INQ1142
C0980,2025-06-06,hard,credit_card,INQ5591
C0980,2025-03-08,hard,personal_loan,INQ9065
C0981,2025-07-11,hard,personal_loan,INQ8994
C0981,2025-05-12,hard,personal_loan,INQ7685
C0981,2025-07-11,soft,auto_loan,INQ5629
C0982,2024-10-30,hard,credit_card,INQ2533
C0983,2025-04-26,soft,personal_loan,INQ7047
C0983,2025-08-22,hard,mortgage,INQ7970
C0983,2025-07-05,soft,auto_loan,INQ2664
C0986,2025-09-19,hard,mortgage,INQ3533
C0986,2025-07-01,soft,auto_loan,INQ2216
C0986,2025-01-09,hard,personal_loan,INQ1947
C0987,2025-05-23,soft,personal_loan,INQ4912
C0988,2025-02-03,soft,personal_loan,INQ3723
C0988,2025-04-17,hard,credit_card,INQ7556
C0988,2025-07-23,hard,credit_card,INQ5021
C0989,2025-01-17,soft,mortgage,INQ3409
C0989,2025-05-02,hard,personal_loan,INQ1210
C0989,2025-05-17,hard,mortgage,INQ5997
C0991,2025-06-06,hard,mortgage,INQ1264
C0991,2025-03-04,hard,mortgage,INQ2852
C0991,2024-11-20,soft,mortgage,INQ9105
C0992,2025-03-10,soft,personal_loan,INQ6283
C0992,2025-04-23,soft,mortgage,INQ2680
C0992,2024-10-27,hard,credit_card,INQ1650
C0993,2025-03-16,hard,mortgage,INQ6496
C0993,2025-05-15,soft,personal_loan,INQ8715
C0994,2025-06-11,soft,mortgage,INQ2458
C0996,2025-04-15,soft,personal_loan,INQ8981
C0997,2025-03-06,hard,personal_loan,INQ4113
C0998,2025-04-19,soft,mortgage,INQ5357
C0999,2024-10-21,soft,credit_card,INQ4144
C0999,2025-07-31,hard,mortgage,INQ6053
C1000,2025-09-07,soft,auto_loan,INQ4427
C1002,2025-06-29,soft,auto_loan,INQ3954
C1002,2025-09-30,hard,auto_loan,INQ6485
C1003,2025-07-14,hard,mortgage,INQ3764
C1004,2025-09-06,hard,credit_card,INQ9564
C1004,2025-08-25,soft,mortgage,INQ8080
C1004,2025-03-05,hard,mortgage,INQ1943
C1006,2025-01-28,soft,credit_card,INQ5882
C1006,2025-07-14,soft,credit_card,INQ1611
C1007,2025-05-22,hard,auto_loan,INQ9884
C1008,2025-09-29,soft,credit_card,INQ1060
C1008,2025-06-06,hard,auto_loan,INQ4460
C1009,2024-12-28,soft,credit_card,INQ4662
C1009,2025-08-18,soft,auto_loan,INQ6294
C1009,2024-10-25,soft,auto_loan,INQ2638
C1011,2024-10-29,soft,auto_loan,INQ7268
C1011,2025-10-04,soft,auto_loan,INQ6699
C1011,2025-09-02,soft,personal_loan,INQ7675
C1012,2025-09-05,hard,personal_loan,INQ7306
C1012,2025-09-16,soft,auto_loan,INQ7842
C1012,2025-05-16,soft,personal_loan,INQ1911
C1013,2025-04-29,soft,personal_loan,INQ4046
C1013,2025-02-21,soft,mortgage,INQ3460
C1013,2025-04-12,soft,credit_card,INQ7653
C1015,2024-12-28,soft,auto_loan,INQ1178
C1017,2025-02-03,hard,credit_card,INQ2990
C1018,2025-01-05,soft,credit_card,INQ1993
C1018,2024-12-15,hard,credit_card,INQ7623
C1018,2025-09-07,hard,auto_loan,INQ6480
C1020,2025-09-17,hard,personal_loan,INQ6009
C1020,2024-10-13,hard,personal_loan,INQ9444
C1021,2024-10-16,soft,mortgage,INQ4710
C1021,2025-02-23,soft,credit_card,INQ5932
C1022,2025-08-23,soft,auto_loan,INQ2490
C1026,2024-12-07,hard,personal_loan,INQ2272
C1027,2024-12-19,soft,mortgage,INQ1580
C1029,2025-03-20,hard,credit_card,INQ9246
C1029,2024-12-25,hard,auto_loan,INQ5810
C1029,2025-03-01,hard,personal_loan,INQ4843
C1030,2024-12-02,hard,mortgage,INQ1664
C1030,2024-12-10,soft,mortgage,INQ2651
C1031,2025-09-14,hard,personal_loan,INQ4543
C1031,2025-03-19,hard,personal_loan,INQ8882
C1031,2024-10-30,soft,auto_loan,INQ9026
C1034,2024-11-19,hard,credit_card,INQ6204
C1036,2025-04-08,hard,mortgage,INQ6810
C1037,2025-01-09,soft,auto_loan,INQ6762
C1038,2025-09-10,soft,mortgage,INQ2146
C1039,2025-05-15,hard,credit_card,INQ3481
C1039,2025-08-22,hard,auto_loan,INQ3564
C1039,2025-04-10,hard,personal_loan,INQ6044
C1040,2025-08-01,soft,credit_card,INQ3813
C1040,2025-08-19,hard,mortgage,INQ8492
C1040,2025-01-10,soft,personal_loan,INQ6689
C1041,2025-05-30,hard,personal_loan,INQ9356
C1041,2025-08-14,soft,credit_card,INQ9761
C1041,2025-01-16,soft,personal_loan,INQ6644
C1042,2025-02-24,soft,auto_loan,INQ1842
C1042,2025-01-03,soft,mortgage,INQ9320
C1042,2025-03-19,soft,personal_loan,INQ8008
C1044,2025-09-06,soft,personal_loan,INQ9454
C1045,2025-07-24,hard,personal_loan,INQ4540
C1046,2025-09-29,soft,mortgage,INQ4715
C1046,2025-01-11,soft,personal_loan,INQ9857
C1046,2025-08-11,hard,auto_loan,INQ7127
C1049,2025-05-02,soft,credit_card,INQ1511
C1049,2025-06-17,hard,personal_loan,INQ5425
C1049,2025-09-21,soft,personal_loan,INQ8491
C1050,2025-03-18,hard,credit_card,INQ3359
C1052,2024-12-05,hard,credit_card,INQ7336
C1052,2025-04-13,soft,mortgage,INQ7291
C1053,2025-07-01,hard,auto_loan,INQ2814
C1055,2024-11-09,soft,personal_loan,INQ5993
C1055,2025-07-22,hard,auto_loan,INQ3336
C1056,2025-07-25,hard,personal_loan,INQ5323
C1058,2025-10-04,soft,personal_loan,INQ1974
C1060,2025-07-07,hard,mortgage,INQ9707
C1062,2025-03-26,hard,mortgage,INQ7731
C1062,2025-06-11,hard,credit_card,INQ4035
C1063,2025-06-07,hard,credit_card,INQ7954
C1063,2024-10-15,soft,credit_card,INQ9579
C1064,2025-03-27,hard,auto_loan,INQ5609
C1064,2024-10-26,soft,personal_loan,INQ3191
C1064,2025-01-04,soft,credit_card,INQ4353
C1065,2025-02-11,hard,mortgage,INQ9584
C1068,2025-03-31,hard,mortgage,INQ2291
C1069,2025-08-05,soft,personal_loan,INQ9758
C1069,2024-11-08,hard,credit_card,INQ3598
C1070,2024-11-22,soft,credit_card,INQ5455
C1070,2025-03-22,hard,personal_loan,INQ6996
C1070,2024-11-14,hard,auto_loan,INQ1443
C1071,2024-10-30,soft,credit_card,INQ3431
C1071,2025-07-04,hard,personal_loan,INQ4924
C1071,2025-02-16,hard,credit_card,INQ1610
C1072,2025-09-15,soft,credit_card,INQ8095
C1072,2024-10-13,soft,personal_loan,INQ8847
C1072,2025-09-07,hard,mortgage,INQ8477
C1074,2024-12-02,soft,credit_card,INQ8001
C1075,2025-09-25,soft,credit_card,INQ4874
C1076,2025-06-23,hard,personal_loan,INQ9533
C1076,2025-07-19,soft,credit_card,INQ4644
C1077,2024-11-03,hard,mortgage,INQ7520
C1078,2025-06-09,hard,personal_loan,INQ2128
C1079,2025-01-15,hard,auto_loan,INQ5659
C1080,2025-02-03,hard,credit_card,INQ9159
C1081,2025-05-21,soft,mortgage,INQ2380
C1081,2024-11-25,hard,auto_loan,INQ3578
C1081,2024-12-31,hard,credit_card,INQ6957
C1084,2024-12-31,soft,personal_loan,INQ9681
C1086,2025-08-21,hard,credit_card,INQ6335
C1086,2025-09-29,soft,auto_loan,INQ2697
C1087,2025-07-10,soft,personal_loan,INQ9492
C1087,2024-12-21,soft,mortgage,INQ8554
C1088,2025-05-25,soft,mortgage,INQ1316
C1088,2025-08-23,soft,personal_loan,INQ3910
C1088,2025-04-05,soft,credit_card,INQ1089
C1089,2025-05-02,soft,mortgage,INQ6459
C1089,2025-02-10,hard,personal_loan,INQ4872
C1089,2025-02-21,hard,auto_loan,INQ3713
C1090,2025-03-22,soft,mortgage,INQ7735
C1090,2025-05-29,hard,auto_loan,INQ9562
C1090,2025-01-29,soft,mortgage,INQ5286
C1091,2025-07-05,hard,mortgage,INQ7161
C1091,2025-08-13,hard,personal_loan,INQ5647
C1092,2025-04-30,hard,auto_loan,INQ3815
C1093,2025-02-11,soft,personal_loan,INQ1978
C1093,2024-10-21,soft,auto_loan,INQ6619
C1093,2025-05-04,soft,mortgage,INQ4226
C1094,2025-04-11,hard,auto_loan,INQ6945
C1096,2025-06-08,soft,personal_loan,INQ2019
C1098,2024-12-04,soft,auto_loan,INQ8616
C1098,2025-04-28,hard,personal_loan,INQ2265
C1099,2024-10-25,hard,auto_loan,INQ7388
C1099,2025-05-21,hard,credit_card,INQ5463
C1099,2025-07-24,hard,credit_card,INQ6187
C1100,2025-01-27,hard,mortgage,INQ3362
C1101,2025-02-21,soft,auto_loan,INQ8327
C1101,2025-08-26,soft,mortgage,INQ6779
C1102,2025-05-12,soft,auto_loan,INQ6989
C1107,2024-11-19,soft,personal_loan,INQ4253
C1107,2025-08-26,hard,auto_loan,INQ7384
C1108,2024-12-03,soft,auto_loan,INQ7506
C1108,2025-03-21,hard,credit_card,INQ2042
C1109,2025-01-15,hard,personal_loan,INQ8083
C1109,2025-05-17,soft,mortgage,INQ1117
C1110,2025-09-19,soft,auto_loan,INQ7765
C1110,2025-09-29,soft,personal_loan,INQ8413
C1110,2025-01-16,hard,auto_loan,INQ8079
C1111,2024-12-15,hard,mortgage,INQ8844
C1112,2025-01-21,hard,credit_card,INQ6143
C1113,2024-10-07,soft,mortgage,INQ3188
C1113,2025-07-20,hard,credit_card,INQ9724
C1115,2024-12-16,hard,mortgage,INQ4533
C1115,2024-10-26,hard,credit_card,INQ3665
C1118,2025-07-27,hard,credit_card,INQ9676
C1118,2024-11-23,hard,credit_card,INQ3843
C1118,2025-09-05,hard,auto_loan,INQ1000
C1119,2024-11-22,soft,mortgage,INQ4130
C1120,2024-12-23,soft,mortgage,INQ4716
C1121,2025-08-16,hard,mortgage,INQ2441
C1123,2024-12-25,hard,auto_loan,INQ2851
C1123,2025-06-01,soft,mortgage,INQ4424
C1124,2024-11-22,hard,auto_loan,INQ4482
C1124,2025-08-09,soft,mortgage,INQ6422
C1125,2025-08-16,soft,credit_card,INQ8244
C1125,2025-08-12,hard,personal_loan,INQ1677
C1125,2024-12-24,soft,auto_loan,INQ1601
C1126,2024-10-13,soft,mortgage,INQ1154
C1127,2025-06-19,hard,personal_loan,INQ2007
C1127,2025-02-22,hard,auto_loan,INQ7751
C1128,2024-12-02,soft,personal_loan,INQ7870
C1129,2024-12-01,hard,mortgage,INQ5141
C1129,2024-10-30,soft,auto_loan,INQ8038
C1130,2025-07-28,soft,mortgage,INQ7528
C1130,2025-02-05,hard,auto_loan,INQ4011
C1130,2024-11-15,hard,credit_card,INQ7439
C1132,2025-03-10,soft,credit_card,INQ1472
C1132,2025-01-23,soft,mortgage,INQ4444
C1132,2024-11-04,hard,personal_loan,INQ4929
C1133,2025-07-03,hard,credit_card,INQ3269
C1136,2025-02-17,soft,mortgage,INQ3010
C1137,2025-01-06,soft,auto_loan,INQ9206
C1139,2025-05-31,soft,mortgage,INQ6687
C1139,2025-08-19,hard,mortgage,INQ4248
C1139,2024-12-10,soft,personal_loan,INQ8038
C1140,2025-04-10,hard,mortgage,INQ5117
C1140,2025-01-01,soft,mortgage,INQ3207
C1140,2025-07-26,hard,personal_loan,INQ3311
C1142,2025-02-20,soft,auto_loan,INQ7171
C1142,2025-02-25,hard,personal_loan,INQ9478
C1143,2025-05-12,hard,mortgage,INQ9897
C1143,2025-10-02,soft,personal_loan,INQ8253
C1143,2025-08-23,soft,personal_loan,INQ6201
C1144,2024-12-22,soft,mortgage,INQ2935
C1144,2025-08-12,soft,mortgage,INQ1869
C1144,2024-10-10,soft,credit_card,INQ2863
C1145,2025-03-09,hard,mortgage,INQ3239
C1146,2025-06-02,soft,auto_loan,INQ6861
C1147,2024-11-15,hard,auto_loan,INQ8532
C1147,2025-07-26,soft,personal_loan,INQ7429
C1148,2025-03-29,soft,auto_loan,INQ6385
C1148,2025-01-05,soft,mortgage,INQ4876
C1152,2025-03-10,hard,auto_loan,INQ2586
C1153,2025-02-14,soft,personal_loan,INQ9125
C1153,2024-11-14,hard,personal_loan,INQ7521
C1153,2024-12-28,hard,personal_loan,INQ7273
C1154,2025-01-13,soft,personal_loan,INQ6719
C1154,2025-08-07,hard,auto_loan,INQ4012
C1154,2025-09-02,soft,personal_loan,INQ6114
C1155,2024-12-25,soft,auto_loan,INQ9503
C1156,2025-04-06,hard,credit_card,INQ2975
C1157,2025-07-25,hard,auto_loan,INQ5604
C1157,2024-12-24,soft,credit_card,INQ8360
C1157,2025-08-30,hard,personal_loan,INQ5226
C1158,2025-03-11,soft,mortgage,INQ3684
C1160,2024-10-13,soft,credit_card,INQ7634
C1160,2025-02-15,soft,personal_loan,INQ1464
C1160,2024-10-16,hard,credit_card,INQ1579
C1161,2024-12-01,soft,auto_loan,INQ7062
C1161,2024-12-01,hard,credit_card,INQ7997
C1162,2025-02-22,hard,mortgage,INQ1028
C1162,2025-04-10,soft,mortgage,INQ2285
C1164,2024-12-14,hard,auto_loan,INQ6841
C1164,2024-11-19,soft,auto_loan,INQ2265
C1164,2025-02-10,soft,credit_card,INQ7233
C1165,2025-03-31,soft,personal_loan,INQ1001
C1165,2025-05-22,soft,auto_loan,INQ7353
C1166,2025-07-02,hard,credit_card,INQ5864
C1166,2025-07-25,hard,mortgage,INQ6014
C1168,2024-11-19,hard,credit_card,INQ5365
C1169,2025-06-04,soft,personal_loan,INQ1140
C1169,2025-06-25,soft,personal_loan,INQ7787
C1169,2025-04-23,soft,mortgage,INQ5084
C1170,2025-07-20,hard,credit_card,INQ3930
C1170,2025-02-12,hard,mortgage,INQ7472
C1171,2024-11-03,soft,personal_loan,INQ6315
C1171,2025-01-05,hard,credit_card,INQ1456
C1171,2025-06-14,soft,credit_card,INQ3579
C1172,2025-05-22,hard,personal_loan,INQ4979
C1172,2024-10-14,hard,credit_card,INQ8449
C1174,2024-11-03,soft,personal_loan,INQ8457
C1174,2025-08-18,hard,credit_card,INQ7162
C1174,2025-01-09,soft,credit_card,INQ4767
C1175,2025-10-05,soft,auto_loan,INQ2833
C1175,2024-11-23,hard,personal_loan,INQ7392
C1175,2025-02-13,soft,credit_card,INQ1300
C1176,2025-06-13,hard,auto_loan,INQ5581
C1176,2025-04-29,soft,mortgage,INQ2980
C1177,2024-10-14,hard,auto_loan,INQ9845
C1177,2024-10-08,hard,personal_loan,INQ7010
C1177,2024-12-15,soft,credit_card,INQ6553
C1178,2024-10-08,hard,personal_loan,INQ8990
C1178,2025-09-05,soft,mortgage,INQ6795
C1180,2025-05-08,hard,auto_loan,INQ3458
C1180,2025-03-27,soft,auto_loan,INQ5925
C1180,2025-01-18,soft,mortgage,INQ9587
C1181,2024-10-14,hard,mortgage,INQ2311
C1181,2025-03-30,hard,mortgage,INQ2234
C1182,2025-09-11,soft,credit_card,INQ9255
C1182,2025-01-09,soft,auto_loan,INQ9209
C1182,2025-07-30,hard,personal_loan,INQ2652
C1183,2025-03-09,hard,mortgage,INQ4194
C1183,2024-10-08,hard,mortgage,INQ1132
C1183,2025-01-15,hard,auto_loan,INQ2756
C1184,2025-05-13,soft,auto_loan,INQ7500
C1185,2025-05-21,soft,mortgage,INQ3417
C1185,2025-09-27,soft,personal_loan,INQ9185
C1187,2024-10-17,hard,mortgage,INQ7898
C1187,2025-04-23,hard,mortgage,INQ7952
C1187,2025-01-29,hard,mortgage,INQ7808
C1188,2025-02-23,hard,mortgage,INQ7327
C1188,2025-06-11,soft,personal_loan,INQ3774
C1188,2025-06-11,hard,credit_card,INQ5278
C1189,2025-06-10,soft,credit_card,INQ3558
C1191,2024-11-08,hard,personal_loan,INQ6037
C1191,2024-12-21,soft,personal_loan,INQ9645
C1191,2025-07-14,hard,auto_loan,INQ8462
C1194,2025-05-24,hard,personal_loan,INQ4723
C1196,2025-03-07,hard,credit_card,INQ9208
C1197,2025-01-13,soft,credit_card,INQ6542
C1198,2024-11-19,soft,auto_loan,INQ3606
C1198,2025-07-20,soft,personal_loan,INQ9185
C1199,2025-03-27,hard,mortgage,INQ9889
C1200,2025-02-01,soft,personal_loan,INQ6032
