consumer_id,record_id,type,filed,status
C0048,PR00001,bankruptcy_ch7,2022-08-01,discharged
C0063,PR00002,bankruptcy_ch7,2022-02-19,discharged
C0071,PR00003,bankruptcy_ch7,2020-01-20,discharged
C0102,PR00004,bankruptcy_ch7,2020-08-11,discharged
C0168,PR00005,bankruptcy_ch7,2024-01-23,discharged
C0179,PR00006,bankruptcy_ch7,2021-10-23,discharged
C0205,PR00007,bankruptcy_ch7,2020-04-08,discharged
C0211,PR00008,bankruptcy_ch7,2021-07-10,discharged
C0378,PR00009,bankruptcy_ch7,2020-08-08,discharged
C0428,PR00010,bankruptcy_ch7,2020-01-31,discharged
C0434,PR00011,bankruptcy_ch7,2022-06-28,discharged
C0502,PR00012,bankruptcy_ch7,2022-10-04,discharged
C0604,PR00013,bankruptcy_ch7,2021-02-11,discharged
C0688,PR00014,bankruptcy_ch7,2019-01-20,discharged
C0767,PR00015,bankruptcy_ch7,2020-07-21,discharged
C0793,PR00016,bankruptcy_ch7,2023-02-19,discharged
C0810,PR00017,bankruptcy_ch7,2021-03-13,discharged
C0841,PR00018,bankruptcy_ch7,2022-11-15,discharged
C0853,PR00019,bankruptcy_ch7,2024-03-24,discharged
C0872,PR00020,bankruptcy_ch7,2019-04-19,discharged
C0876,PR00021,bankruptcy_ch7,2022-02-01,discharged
C1014,PR00022,bankruptcy_ch7,2022-02-14,discharged
C1047,PR00023,bankruptcy_ch7,2020-08-26,discharged
C1068,PR00024,bankruptcy_ch7,2020-09-29,discharged
C1079,PR00025,bankruptcy_ch7,2024-06-30,discharged
C1123,PR00026,bankruptcy_ch7,2021-03-21,discharged
C1168,PR00027,bankruptcy_ch7,2024-10-15,discharged
C1182,PR00028,bankruptcy_ch7,2021-10-16,discharged
